MSDRG,MSDRGDSC,lookup,Average Facility Charges,hospital
1,HEART TRANSPLANT OR IMPLANT OF HEART ASSIST SYSTEM W MCC,1 Average,212732.022,Broadwater_Health_Center
3,"ECMO OR TRACH W MV >96 HRS OR PDX EXC FACE, MOUTH & NECK W MAJ O.R.",3 Average,255832.98914822776,Broadwater_Health_Center
4,"TRACH W MV >96 HRS OR PDX EXC FACE, MOUTH & NECK W/O MAJ O.R.",4 Average,142127.64852018186,Broadwater_Health_Center
11,"TRACHEOSTOMY FOR FACE, MOUTH & NECK DIAGNOSES OR LARYNGECTOMY W MCC",11 Average,86034.11923480402,Broadwater_Health_Center
12,"TRACHEOSTOMY FOR FACE, MOUTH & NECK DIAGNOSES OR LARYNGECTOMY W CC",12 Average,63485.291008824686,Broadwater_Health_Center
13,"TRACHEOSTOMY FOR FACE, MOUTH & NECK DIAGNOSES OR LARYNGECTOMY W/O CC/MCC",13 Average,19417.26,Broadwater_Health_Center
23,CRANIOTOMY W MAJOR DEVICE IMPLANT OR ACUTE COMPLEX CNS PDX W MCC OR CHEMOTHERAPY IMPLANT OR EPILEPSY W NEUROSTIMULATOR,23 Average,153907.95,Broadwater_Health_Center
25,CRANIOTOMY & ENDOVASCULAR INTRACRANIAL PROCEDURES W MCC,25 Average,81172.55788635611,Broadwater_Health_Center
26,CRANIOTOMY & ENDOVASCULAR INTRACRANIAL PROCEDURES W CC,26 Average,53560.3448324611,Broadwater_Health_Center
27,CRANIOTOMY & ENDOVASCULAR INTRACRANIAL PROCEDURES W/O CC/MCC,27 Average,52967.640655383955,Broadwater_Health_Center
28,SPINAL PROCEDURES W MCC,28 Average,108929.20066064948,Broadwater_Health_Center
29,SPINAL PROCEDURES W CC OR SPINAL NEUROSTIMULATORS,29 Average,81331.88175993206,Broadwater_Health_Center
30,SPINAL PROCEDURES W/O CC/MCC,30 Average,104763.55925416348,Broadwater_Health_Center
31,VENTRICULAR SHUNT PROCEDURES W MCC,31 Average,31297.25,Broadwater_Health_Center
32,VENTRICULAR SHUNT PROCEDURES W CC,32 Average,43228.03659279078,Broadwater_Health_Center
33,VENTRICULAR SHUNT PROCEDURES W/O CC/MCC,33 Average,47290.4546038028,Broadwater_Health_Center
37,EXTRACRANIAL PROCEDURES W MCC,37 Average,46536.56369342347,Broadwater_Health_Center
38,EXTRACRANIAL PROCEDURES W CC,38 Average,30184.414341894055,Broadwater_Health_Center
39,EXTRACRANIAL PROCEDURES W/O CC/MCC,39 Average,19169.28552423777,Broadwater_Health_Center
40,PERIPH/CRANIAL NERVE & OTHER NERV SYST PROC W MCC,40 Average,32931.47530894877,Broadwater_Health_Center
41,PERIPH/CRANIAL NERVE & OTHER NERV SYST PROC W CC OR PERIPH NEUROSTIM,41 Average,42164.91876712737,Broadwater_Health_Center
42,PERIPH/CRANIAL NERVE & OTHER NERV SYST PROC W/O CC/MCC,42 Average,32394.850457027685,Broadwater_Health_Center
52,SPINAL DISORDERS & INJURIES W CC/MCC,52 Average,27445.34085796713,Broadwater_Health_Center
53,SPINAL DISORDERS & INJURIES W/O CC/MCC,53 Average,8341.527198301279,Broadwater_Health_Center
54,NERVOUS SYSTEM NEOPLASMS W MCC,54 Average,15128.00777786709,Broadwater_Health_Center
55,NERVOUS SYSTEM NEOPLASMS W/O MCC,55 Average,18922.25569220266,Broadwater_Health_Center
56,DEGENERATIVE NERVOUS SYSTEM DISORDERS W MCC,56 Average,25518.908416168466,Broadwater_Health_Center
57,DEGENERATIVE NERVOUS SYSTEM DISORDERS W/O MCC,57 Average,21728.64863831003,Broadwater_Health_Center
59,MULTIPLE SCLEROSIS & CEREBELLAR ATAXIA W CC,59 Average,15098.795442021195,Broadwater_Health_Center
60,MULTIPLE SCLEROSIS & CEREBELLAR ATAXIA W/O CC/MCC,60 Average,16039.603063262633,Broadwater_Health_Center
61,"ISCHEMIC STROKE, PRECEREBRAL OCCLUSION OR TRANSIENT ISCHEMIA W THROMBOLYTIC AGENT W MCC",61 Average,52177.69026314577,Broadwater_Health_Center
62,"ISCHEMIC STROKE, PRECEREBRAL OCCLUSION OR TRANSIENT ISCHEMIA W THROMBOLYTIC AGENT W CC",62 Average,37482.2006108207,Broadwater_Health_Center
63,"ISCHEMIC STROKE, PRECEREBRAL OCCLUSION OR TRANSIENT ISCHEMIA W THROMBOLYTIC AGENT W/O CC/MCC",63 Average,33821.667947843605,Broadwater_Health_Center
64,INTRACRANIAL HEMORRHAGE OR CEREBRAL INFARCTION W MCC,64 Average,27836.525554902808,Broadwater_Health_Center
65,INTRACRANIAL HEMORRHAGE OR CEREBRAL INFARCTION W CC OR TPA IN 24 HRS,65 Average,18075.796008177484,Broadwater_Health_Center
66,INTRACRANIAL HEMORRHAGE OR CEREBRAL INFARCTION W/O CC/MCC,66 Average,13963.425497926833,Broadwater_Health_Center
68,NONSPECIFIC CVA & PRECEREBRAL OCCLUSION W/O INFARCT W/O MCC,68 Average,10757.0,Broadwater_Health_Center
69,TRANSIENT ISCHEMIA W/O THROMBOLYTIC,69 Average,13700.424949336892,Broadwater_Health_Center
70,NONSPECIFIC CEREBROVASCULAR DISORDERS W MCC,70 Average,24761.68972165768,Broadwater_Health_Center
71,NONSPECIFIC CEREBROVASCULAR DISORDERS W CC,71 Average,14599.858893957782,Broadwater_Health_Center
72,NONSPECIFIC CEREBROVASCULAR DISORDERS W/O CC/MCC,72 Average,13820.738860169591,Broadwater_Health_Center
73,CRANIAL & PERIPHERAL NERVE DISORDERS W MCC,73 Average,49205.66011146551,Broadwater_Health_Center
74,CRANIAL & PERIPHERAL NERVE DISORDERS W/O MCC,74 Average,15845.555188970902,Broadwater_Health_Center
75,VIRAL MENINGITIS W CC/MCC,75 Average,12684.599481260731,Broadwater_Health_Center
76,VIRAL MENINGITIS W/O CC/MCC,76 Average,10640.841719080607,Broadwater_Health_Center
78,HYPERTENSIVE ENCEPHALOPATHY W CC,78 Average,12992.44180201155,Broadwater_Health_Center
80,NONTRAUMATIC STUPOR & COMA W MCC,80 Average,11219.118023363422,Broadwater_Health_Center
81,NONTRAUMATIC STUPOR & COMA W/O MCC,81 Average,9747.0,Broadwater_Health_Center
82,"TRAUMATIC STUPOR & COMA, COMA >1 HR W MCC",82 Average,29663.008019068533,Broadwater_Health_Center
83,"TRAUMATIC STUPOR & COMA, COMA >1 HR W CC",83 Average,21736.03963435561,Broadwater_Health_Center
84,"TRAUMATIC STUPOR & COMA, COMA >1 HR W/O CC/MCC",84 Average,16264.257669255461,Broadwater_Health_Center
85,"TRAUMATIC STUPOR & COMA, COMA <1 HR W MCC",85 Average,35623.829380503455,Broadwater_Health_Center
86,"TRAUMATIC STUPOR & COMA, COMA <1 HR W CC",86 Average,21089.7745111473,Broadwater_Health_Center
87,"TRAUMATIC STUPOR & COMA, COMA <1 HR W/O CC/MCC",87 Average,17622.686505205456,Broadwater_Health_Center
88,CONCUSSION W MCC,88 Average,13734.0,Broadwater_Health_Center
91,OTHER DISORDERS OF NERVOUS SYSTEM W MCC,91 Average,26495.637288134345,Broadwater_Health_Center
92,OTHER DISORDERS OF NERVOUS SYSTEM W CC,92 Average,12540.098563362364,Broadwater_Health_Center
93,OTHER DISORDERS OF NERVOUS SYSTEM W/O CC/MCC,93 Average,10860.120213506583,Broadwater_Health_Center
94,BACTERIAL & TUBERCULOUS INFECTIONS OF NERVOUS SYSTEM W MCC,94 Average,53224.62385348887,Broadwater_Health_Center
95,BACTERIAL & TUBERCULOUS INFECTIONS OF NERVOUS SYSTEM W CC,95 Average,55290.38069798485,Broadwater_Health_Center
96,BACTERIAL & TUBERCULOUS INFECTIONS OF NERVOUS SYSTEM W/O CC/MCC,96 Average,62272.0,Broadwater_Health_Center
97,NON-BACTERIAL INFECT OF NERVOUS SYS EXC VIRAL MENINGITIS W MCC,97 Average,28695.44826976103,Broadwater_Health_Center
98,NON-BACTERIAL INFECT OF NERVOUS SYS EXC VIRAL MENINGITIS W CC,98 Average,15095.364899604343,Broadwater_Health_Center
99,NON-BACTERIAL INFECT OF NERVOUS SYS EXC VIRAL MENINGITIS W/O CC/MCC,99 Average,22756.188597817512,Broadwater_Health_Center
100,SEIZURES W MCC,100 Average,22417.563053982354,Broadwater_Health_Center
101,SEIZURES W/O MCC,101 Average,12921.171236959735,Broadwater_Health_Center
102,HEADACHES W MCC,102 Average,23324.0,Broadwater_Health_Center
103,HEADACHES W/O MCC,103 Average,11921.112443383212,Broadwater_Health_Center
114,ORBITAL PROCEDURES W/O CC/MCC,114 Average,22939.25,Broadwater_Health_Center
115,EXTRAOCULAR PROCEDURES EXCEPT ORBIT,115 Average,18518.83992873064,Broadwater_Health_Center
117,INTRAOCULAR PROCEDURES W/O CC/MCC,117 Average,27205.481,Broadwater_Health_Center
121,ACUTE MAJOR EYE INFECTIONS W CC/MCC,121 Average,10668.855027431393,Broadwater_Health_Center
122,ACUTE MAJOR EYE INFECTIONS W/O CC/MCC,122 Average,7933.82,Broadwater_Health_Center
123,NEUROLOGICAL EYE DISORDERS,123 Average,15200.215876846467,Broadwater_Health_Center
125,OTHER DISORDERS OF THE EYE W/O MCC,125 Average,12016.717597695359,Broadwater_Health_Center
129,MAJOR HEAD & NECK PROCEDURES W CC/MCC OR MAJOR DEVICE,129 Average,19713.280324055744,Broadwater_Health_Center
130,MAJOR HEAD & NECK PROCEDURES W/O CC/MCC,130 Average,37838.09660930106,Broadwater_Health_Center
131,CRANIAL/FACIAL PROCEDURES W CC/MCC,131 Average,29773.023503368953,Broadwater_Health_Center
132,CRANIAL/FACIAL PROCEDURES W/O CC/MCC,132 Average,34080.97720211493,Broadwater_Health_Center
133,"OTHER EAR, NOSE, MOUTH & THROAT O.R. PROCEDURES W CC/MCC",133 Average,22855.369637149648,Broadwater_Health_Center
134,"OTHER EAR, NOSE, MOUTH & THROAT O.R. PROCEDURES W/O CC/MCC",134 Average,18579.80616918835,Broadwater_Health_Center
135,SINUS & MASTOID PROCEDURES W CC/MCC,135 Average,19076.85,Broadwater_Health_Center
137,MOUTH PROCEDURES W CC/MCC,137 Average,13772.731216822427,Broadwater_Health_Center
138,MOUTH PROCEDURES W/O CC/MCC,138 Average,11288.63889049517,Broadwater_Health_Center
146,"EAR, NOSE, MOUTH & THROAT MALIGNANCY W MCC",146 Average,26632.972609154993,Broadwater_Health_Center
147,"EAR, NOSE, MOUTH & THROAT MALIGNANCY W CC",147 Average,7190.604703361185,Broadwater_Health_Center
149,DYSEQUILIBRIUM,149 Average,14570.224739565137,Broadwater_Health_Center
151,EPISTAXIS W/O MCC,151 Average,7950.0,Broadwater_Health_Center
152,OTITIS MEDIA & URI W MCC,152 Average,13322.04901616832,Broadwater_Health_Center
153,OTITIS MEDIA & URI W/O MCC,153 Average,7194.515406443462,Broadwater_Health_Center
154,"OTHER EAR, NOSE, MOUTH & THROAT DIAGNOSES W MCC",154 Average,10815.072389686473,Broadwater_Health_Center
155,"OTHER EAR, NOSE, MOUTH & THROAT DIAGNOSES W CC",155 Average,10981.140963387912,Broadwater_Health_Center
156,"OTHER EAR, NOSE, MOUTH & THROAT DIAGNOSES W/O CC/MCC",156 Average,7471.531663794441,Broadwater_Health_Center
157,DENTAL & ORAL DISEASES W MCC,157 Average,37092.48795479363,Broadwater_Health_Center
158,DENTAL & ORAL DISEASES W CC,158 Average,10396.499444041574,Broadwater_Health_Center
159,DENTAL & ORAL DISEASES W/O CC/MCC,159 Average,9161.37130724613,Broadwater_Health_Center
163,MAJOR CHEST PROCEDURES W MCC,163 Average,57431.91483186437,Broadwater_Health_Center
164,MAJOR CHEST PROCEDURES W CC,164 Average,34155.851057879154,Broadwater_Health_Center
165,MAJOR CHEST PROCEDURES W/O CC/MCC,165 Average,32915.22546580333,Broadwater_Health_Center
166,OTHER RESP SYSTEM O.R. PROCEDURES W MCC,166 Average,38758.257957294634,Broadwater_Health_Center
167,OTHER RESP SYSTEM O.R. PROCEDURES W CC,167 Average,27614.593309976135,Broadwater_Health_Center
168,OTHER RESP SYSTEM O.R. PROCEDURES W/O CC/MCC,168 Average,22668.021424963685,Broadwater_Health_Center
175,PULMONARY EMBOLISM W MCC OR ACUTE COR PULMONALE,175 Average,17265.87379891409,Broadwater_Health_Center
176,PULMONARY EMBOLISM W/O MCC,176 Average,9990.70534825298,Broadwater_Health_Center
177,RESPIRATORY INFECTIONS & INFLAMMATIONS W MCC,177 Average,20917.793885501567,Broadwater_Health_Center
178,RESPIRATORY INFECTIONS & INFLAMMATIONS W CC,178 Average,22322.252941573486,Broadwater_Health_Center
179,RESPIRATORY INFECTIONS & INFLAMMATIONS W/O CC/MCC,179 Average,26441.273933039876,Broadwater_Health_Center
180,RESPIRATORY NEOPLASMS W MCC,180 Average,24485.64399952463,Broadwater_Health_Center
181,RESPIRATORY NEOPLASMS W CC,181 Average,19097.008585793996,Broadwater_Health_Center
182,RESPIRATORY NEOPLASMS W/O CC/MCC,182 Average,27819.766380067278,Broadwater_Health_Center
183,MAJOR CHEST TRAUMA W MCC,183 Average,30361.343295230654,Broadwater_Health_Center
184,MAJOR CHEST TRAUMA W CC,184 Average,22399.552683621503,Broadwater_Health_Center
185,MAJOR CHEST TRAUMA W/O CC/MCC,185 Average,16393.97458101016,Broadwater_Health_Center
186,PLEURAL EFFUSION W MCC,186 Average,18045.936221732143,Broadwater_Health_Center
187,PLEURAL EFFUSION W CC,187 Average,13245.99781065964,Broadwater_Health_Center
188,PLEURAL EFFUSION W/O CC/MCC,188 Average,8263.36834269904,Broadwater_Health_Center
189,PULMONARY EDEMA & RESPIRATORY FAILURE,189 Average,14538.40060443263,Broadwater_Health_Center
190,CHRONIC OBSTRUCTIVE PULMONARY DISEASE W MCC,190 Average,13259.184733541691,Broadwater_Health_Center
191,CHRONIC OBSTRUCTIVE PULMONARY DISEASE W CC,191 Average,11578.878292482173,Broadwater_Health_Center
192,CHRONIC OBSTRUCTIVE PULMONARY DISEASE W/O CC/MCC,192 Average,6952.058806001681,Broadwater_Health_Center
193,SIMPLE PNEUMONIA & PLEURISY W MCC,193 Average,15135.802356184895,Broadwater_Health_Center
194,SIMPLE PNEUMONIA & PLEURISY W CC,194 Average,11180.620231774115,Broadwater_Health_Center
195,SIMPLE PNEUMONIA & PLEURISY W/O CC/MCC,195 Average,7867.772905707749,Broadwater_Health_Center
196,INTERSTITIAL LUNG DISEASE W MCC,196 Average,21407.129049192226,Broadwater_Health_Center
197,INTERSTITIAL LUNG DISEASE W CC,197 Average,18583.221146209362,Broadwater_Health_Center
199,PNEUMOTHORAX W MCC,199 Average,14731.999433685398,Broadwater_Health_Center
200,PNEUMOTHORAX W CC,200 Average,13359.83997957742,Broadwater_Health_Center
201,PNEUMOTHORAX W/O CC/MCC,201 Average,10630.803317814449,Broadwater_Health_Center
202,BRONCHITIS & ASTHMA W CC/MCC,202 Average,9919.007413342206,Broadwater_Health_Center
203,BRONCHITIS & ASTHMA W/O CC/MCC,203 Average,7074.88622675145,Broadwater_Health_Center
204,RESPIRATORY SIGNS & SYMPTOMS,204 Average,10281.59188437369,Broadwater_Health_Center
205,OTHER RESPIRATORY SYSTEM DIAGNOSES W MCC,205 Average,16035.30500025826,Broadwater_Health_Center
206,OTHER RESPIRATORY SYSTEM DIAGNOSES W/O MCC,206 Average,10459.816805677048,Broadwater_Health_Center
207,RESPIRATORY SYSTEM DIAGNOSIS W VENTILATOR SUPPORT >96 HOURS,207 Average,92910.66528832594,Broadwater_Health_Center
208,RESPIRATORY SYSTEM DIAGNOSIS W VENTILATOR SUPPORT <=96 HOURS,208 Average,39881.98518442685,Broadwater_Health_Center
215,OTHER HEART ASSIST SYSTEM IMPLANT,215 Average,157702.04602458738,Broadwater_Health_Center
216,CARDIAC VALVE & OTH MAJ CARDIOTHORACIC PROC W CARD CATH W MCC,216 Average,193898.4181040291,Broadwater_Health_Center
217,CARDIAC VALVE & OTH MAJ CARDIOTHORACIC PROC W CARD CATH W CC,217 Average,147522.57717851188,Broadwater_Health_Center
218,CARDIAC VALVE & OTH MAJ CARDIOTHORACIC PROC W CARD CATH W/O CC/MCC,218 Average,125006.83,Broadwater_Health_Center
219,CARDIAC VALVE & OTH MAJ CARDIOTHORACIC PROC W/O CARD CATH W MCC,219 Average,161548.64910495182,Broadwater_Health_Center
220,CARDIAC VALVE & OTH MAJ CARDIOTHORACIC PROC W/O CARD CATH W CC,220 Average,119832.84482019935,Broadwater_Health_Center
221,CARDIAC VALVE & OTH MAJ CARDIOTHORACIC PROC W/O CARD CATH W/O CC/MCC,221 Average,101241.01742127036,Broadwater_Health_Center
222,CARDIAC DEFIB IMPLANT W CARDIAC CATH W AMI/HF/SHOCK W MCC,222 Average,163818.13642564672,Broadwater_Health_Center
223,CARDIAC DEFIB IMPLANT W CARDIAC CATH W AMI/HF/SHOCK W/O MCC,223 Average,147415.1,Broadwater_Health_Center
224,CARDIAC DEFIB IMPLANT W CARDIAC CATH W/O AMI/HF/SHOCK W MCC,224 Average,144275.3850604426,Broadwater_Health_Center
225,CARDIAC DEFIB IMPLANT W CARDIAC CATH W/O AMI/HF/SHOCK W/O MCC,225 Average,123160.42187417568,Broadwater_Health_Center
226,CARDIAC DEFIBRILLATOR IMPLANT W/O CARDIAC CATH W MCC,226 Average,118110.02081623909,Broadwater_Health_Center
227,CARDIAC DEFIBRILLATOR IMPLANT W/O CARDIAC CATH W/O MCC,227 Average,78538.78803466617,Broadwater_Health_Center
228,OTHER CARDIOTHORACIC PROCEDURES W MCC,228 Average,114645.62427817401,Broadwater_Health_Center
229,OTHER CARDIOTHORACIC PROCEDURES W/O MCC,229 Average,98292.74498992268,Broadwater_Health_Center
231,CORONARY BYPASS W PTCA W MCC,231 Average,158464.23652485028,Broadwater_Health_Center
232,CORONARY BYPASS W PTCA W/O MCC,232 Average,144867.65300450654,Broadwater_Health_Center
233,CORONARY BYPASS W CARDIAC CATH W MCC,233 Average,141903.08628811748,Broadwater_Health_Center
234,CORONARY BYPASS W CARDIAC CATH W/O MCC,234 Average,107044.11571769127,Broadwater_Health_Center
235,CORONARY BYPASS W/O CARDIAC CATH W MCC,235 Average,110672.00184789453,Broadwater_Health_Center
236,CORONARY BYPASS W/O CARDIAC CATH W/O MCC,236 Average,92835.04202483108,Broadwater_Health_Center
239,AMPUTATION FOR CIRC SYS DISORDERS EXC UPPER LIMB & TOE W MCC,239 Average,57789.15011768005,Broadwater_Health_Center
240,AMPUTATION FOR CIRC SYS DISORDERS EXC UPPER LIMB & TOE W CC,240 Average,27911.726710934836,Broadwater_Health_Center
242,PERMANENT CARDIAC PACEMAKER IMPLANT W MCC,242 Average,60107.17037126211,Broadwater_Health_Center
243,PERMANENT CARDIAC PACEMAKER IMPLANT W CC,243 Average,43954.16597472206,Broadwater_Health_Center
244,PERMANENT CARDIAC PACEMAKER IMPLANT W/O CC/MCC,244 Average,32975.59445934981,Broadwater_Health_Center
246,PERCUTANEOUS CARDIOVASCULAR PROCEDURES W DRUG-ELUTING STENT W MCC OR 4+ ARTERIES OR STENTS,246 Average,67251.15758998493,Broadwater_Health_Center
247,PERC CARDIOVASC PROC W DRUG-ELUTING STENT W/O MCC,247 Average,47628.986011541325,Broadwater_Health_Center
248,PERCUTANEOUS CARDIOVASCULAR PROCEDURES W NON-DRUG-ELUTING STENT W MCC OR 4+ ARTERIES OR STENTS,248 Average,69348.86539826274,Broadwater_Health_Center
249,PERC CARDIOVASC PROC W NON-DRUG-ELUTING STENT W/O MCC,249 Average,37315.82779465036,Broadwater_Health_Center
250,PERC CARDIOVASC PROC W/O CORONARY ARTERY STENT W MCC,250 Average,67111.75275196349,Broadwater_Health_Center
251,PERC CARDIOVASC PROC W/O CORONARY ARTERY STENT W/O MCC,251 Average,36941.8688818509,Broadwater_Health_Center
252,OTHER VASCULAR PROCEDURES W MCC,252 Average,49724.94527694324,Broadwater_Health_Center
253,OTHER VASCULAR PROCEDURES W CC,253 Average,46406.484248357796,Broadwater_Health_Center
254,OTHER VASCULAR PROCEDURES W/O CC/MCC,254 Average,35798.359447534596,Broadwater_Health_Center
255,UPPER LIMB & TOE AMPUTATION FOR CIRC SYSTEM DISORDERS W MCC,255 Average,46574.05971696639,Broadwater_Health_Center
256,UPPER LIMB & TOE AMPUTATION FOR CIRC SYSTEM DISORDERS W CC,256 Average,13441.414399578352,Broadwater_Health_Center
258,CARDIAC PACEMAKER DEVICE REPLACEMENT W MCC,258 Average,63769.8,Broadwater_Health_Center
259,CARDIAC PACEMAKER DEVICE REPLACEMENT W/O MCC,259 Average,55002.01,Broadwater_Health_Center
260,CARDIAC PACEMAKER REVISION EXCEPT DEVICE REPLACEMENT W MCC,260 Average,43075.0,Broadwater_Health_Center
261,CARDIAC PACEMAKER REVISION EXCEPT DEVICE REPLACEMENT W CC,261 Average,31817.948929361653,Broadwater_Health_Center
264,OTHER CIRCULATORY SYSTEM O.R. PROCEDURES,264 Average,70483.43457193361,Broadwater_Health_Center
266,ENDOVASCULAR CARDIAC VALVE REPLACEMENT & SUPPLEMENT PROCEDURES W MCC,266 Average,110932.16509375778,Broadwater_Health_Center
267,ENDOVASCULAR CARDIAC VALVE REPLACEMENT & SUPPLEMENT PROCEDURES W/O MCC,267 Average,97353.11517735329,Broadwater_Health_Center
268,AORTIC AND HEART ASSIST PROCEDURES EXCEPT PULSATION BALLOON W MCC,268 Average,126389.09770834111,Broadwater_Health_Center
269,AORTIC AND HEART ASSIST PROCEDURES EXCEPT PULSATION BALLOON W/O MCC,269 Average,71267.95344092557,Broadwater_Health_Center
270,OTHER MAJOR CARDIOVASCULAR PROCEDURES W MCC,270 Average,77712.92710214626,Broadwater_Health_Center
271,OTHER MAJOR CARDIOVASCULAR PROCEDURES W CC,271 Average,50319.548722074775,Broadwater_Health_Center
272,OTHER MAJOR CARDIOVASCULAR PROCEDURES W/O CC/MCC,272 Average,33346.49426047338,Broadwater_Health_Center
273,PERCUTANEOUS INTRACARDIAC PROCEDURES W MCC,273 Average,76429.48582667303,Broadwater_Health_Center
274,PERCUTANEOUS INTRACARDIAC PROCEDURES W/O MCC,274 Average,63638.7293793013,Broadwater_Health_Center
280,"ACUTE MYOCARDIAL INFARCTION, DISCHARGED ALIVE W MCC",280 Average,25623.89599596385,Broadwater_Health_Center
281,"ACUTE MYOCARDIAL INFARCTION, DISCHARGED ALIVE W CC",281 Average,16544.841578630876,Broadwater_Health_Center
282,"ACUTE MYOCARDIAL INFARCTION, DISCHARGED ALIVE W/O CC/MCC",282 Average,16948.196484661923,Broadwater_Health_Center
283,"ACUTE MYOCARDIAL INFARCTION, EXPIRED W MCC",283 Average,34766.75996427826,Broadwater_Health_Center
284,"ACUTE MYOCARDIAL INFARCTION, EXPIRED W CC",284 Average,28916.25646587054,Broadwater_Health_Center
286,"CIRCULATORY DISORDERS EXCEPT AMI, W CARD CATH W MCC",286 Average,37058.23341083713,Broadwater_Health_Center
287,"CIRCULATORY DISORDERS EXCEPT AMI, W CARD CATH W/O MCC",287 Average,21398.127517936155,Broadwater_Health_Center
288,ACUTE & SUBACUTE ENDOCARDITIS W MCC,288 Average,44117.04380032733,Broadwater_Health_Center
289,ACUTE & SUBACUTE ENDOCARDITIS W CC,289 Average,21556.091912389023,Broadwater_Health_Center
291,HEART FAILURE & SHOCK W MCC,291 Average,17497.836344404466,Broadwater_Health_Center
292,HEART FAILURE & SHOCK W CC,292 Average,13636.14803726493,Broadwater_Health_Center
293,HEART FAILURE & SHOCK W/O CC/MCC,293 Average,10283.997624255115,Broadwater_Health_Center
296,"CARDIAC ARREST, UNEXPLAINED W MCC",296 Average,22852.608740459098,Broadwater_Health_Center
299,PERIPHERAL VASCULAR DISORDERS W MCC,299 Average,17396.516147876122,Broadwater_Health_Center
300,PERIPHERAL VASCULAR DISORDERS W CC,300 Average,10245.180228068502,Broadwater_Health_Center
301,PERIPHERAL VASCULAR DISORDERS W/O CC/MCC,301 Average,10648.927303385577,Broadwater_Health_Center
302,ATHEROSCLEROSIS W MCC,302 Average,10986.317953277581,Broadwater_Health_Center
303,ATHEROSCLEROSIS W/O MCC,303 Average,8276.4517368036,Broadwater_Health_Center
304,HYPERTENSION W MCC,304 Average,17271.50003634762,Broadwater_Health_Center
305,HYPERTENSION W/O MCC,305 Average,9903.136317735,Broadwater_Health_Center
306,CARDIAC CONGENITAL & VALVULAR DISORDERS W MCC,306 Average,16380.062894776678,Broadwater_Health_Center
307,CARDIAC CONGENITAL & VALVULAR DISORDERS W/O MCC,307 Average,27482.930442989164,Broadwater_Health_Center
308,CARDIAC ARRHYTHMIA & CONDUCTION DISORDERS W MCC,308 Average,14061.836556017895,Broadwater_Health_Center
309,CARDIAC ARRHYTHMIA & CONDUCTION DISORDERS W CC,309 Average,11136.715850878238,Broadwater_Health_Center
310,CARDIAC ARRHYTHMIA & CONDUCTION DISORDERS W/O CC/MCC,310 Average,7412.792025944383,Broadwater_Health_Center
311,ANGINA PECTORIS,311 Average,6919.188102660601,Broadwater_Health_Center
312,SYNCOPE & COLLAPSE,312 Average,11206.121418069602,Broadwater_Health_Center
313,CHEST PAIN,313 Average,9245.981812417062,Broadwater_Health_Center
314,OTHER CIRCULATORY SYSTEM DIAGNOSES W MCC,314 Average,26397.66434809554,Broadwater_Health_Center
315,OTHER CIRCULATORY SYSTEM DIAGNOSES W CC,315 Average,12161.007841768565,Broadwater_Health_Center
316,OTHER CIRCULATORY SYSTEM DIAGNOSES W/O CC/MCC,316 Average,11092.300795818317,Broadwater_Health_Center
319,OTHER ENDOVASCULAR CARDIAC VALVE PROCEDURES W MCC,319 Average,58889.33100775766,Broadwater_Health_Center
320,OTHER ENDOVASCULAR CARDIAC VALVE PROCEDURES W/O MCC,320 Average,80149.8,Broadwater_Health_Center
326,"STOMACH, ESOPHAGEAL & DUODENAL PROC W MCC",326 Average,47069.02206825987,Broadwater_Health_Center
327,"STOMACH, ESOPHAGEAL & DUODENAL PROC W CC",327 Average,31389.523874785667,Broadwater_Health_Center
328,"STOMACH, ESOPHAGEAL & DUODENAL PROC W/O CC/MCC",328 Average,28586.008597569733,Broadwater_Health_Center
329,MAJOR SMALL & LARGE BOWEL PROCEDURES W MCC,329 Average,54821.37739168016,Broadwater_Health_Center
330,MAJOR SMALL & LARGE BOWEL PROCEDURES W CC,330 Average,32675.566179557496,Broadwater_Health_Center
331,MAJOR SMALL & LARGE BOWEL PROCEDURES W/O CC/MCC,331 Average,26452.908461315892,Broadwater_Health_Center
333,RECTAL RESECTION W CC,333 Average,26928.29,Broadwater_Health_Center
334,RECTAL RESECTION W/O CC/MCC,334 Average,14131.16,Broadwater_Health_Center
335,PERITONEAL ADHESIOLYSIS W MCC,335 Average,43151.382698793364,Broadwater_Health_Center
336,PERITONEAL ADHESIOLYSIS W CC,336 Average,31457.00410698621,Broadwater_Health_Center
337,PERITONEAL ADHESIOLYSIS W/O CC/MCC,337 Average,22170.409743562897,Broadwater_Health_Center
339,APPENDECTOMY W COMPLICATED PRINCIPAL DIAG W CC,339 Average,20601.394663754494,Broadwater_Health_Center
340,APPENDECTOMY W COMPLICATED PRINCIPAL DIAG W/O CC/MCC,340 Average,18458.266144159115,Broadwater_Health_Center
342,APPENDECTOMY W/O COMPLICATED PRINCIPAL DIAG W CC,342 Average,31857.153995475874,Broadwater_Health_Center
343,APPENDECTOMY W/O COMPLICATED PRINCIPAL DIAG W/O CC/MCC,343 Average,12805.490009935671,Broadwater_Health_Center
344,MINOR SMALL & LARGE BOWEL PROCEDURES W MCC,344 Average,17591.0,Broadwater_Health_Center
345,MINOR SMALL & LARGE BOWEL PROCEDURES W CC,345 Average,22617.474157169003,Broadwater_Health_Center
346,MINOR SMALL & LARGE BOWEL PROCEDURES W/O CC/MCC,346 Average,22074.50436928904,Broadwater_Health_Center
348,ANAL & STOMAL PROCEDURES W CC,348 Average,12481.234491210069,Broadwater_Health_Center
349,ANAL & STOMAL PROCEDURES W/O CC/MCC,349 Average,16394.68833823274,Broadwater_Health_Center
351,INGUINAL & FEMORAL HERNIA PROCEDURES W CC,351 Average,12294.748512352744,Broadwater_Health_Center
353,HERNIA PROCEDURES EXCEPT INGUINAL & FEMORAL W MCC,353 Average,33926.363056431495,Broadwater_Health_Center
354,HERNIA PROCEDURES EXCEPT INGUINAL & FEMORAL W CC,354 Average,20712.98068220281,Broadwater_Health_Center
355,HERNIA PROCEDURES EXCEPT INGUINAL & FEMORAL W/O CC/MCC,355 Average,20586.826870793833,Broadwater_Health_Center
356,OTHER DIGESTIVE SYSTEM O.R. PROCEDURES W MCC,356 Average,42284.669998238365,Broadwater_Health_Center
357,OTHER DIGESTIVE SYSTEM O.R. PROCEDURES W CC,357 Average,30320.817895482756,Broadwater_Health_Center
358,OTHER DIGESTIVE SYSTEM O.R. PROCEDURES W/O CC/MCC,358 Average,28422.046110729414,Broadwater_Health_Center
368,MAJOR ESOPHAGEAL DISORDERS W MCC,368 Average,23905.368788972984,Broadwater_Health_Center
369,MAJOR ESOPHAGEAL DISORDERS W CC,369 Average,12136.102544287582,Broadwater_Health_Center
370,MAJOR ESOPHAGEAL DISORDERS W/O CC/MCC,370 Average,14578.475349637903,Broadwater_Health_Center
371,MAJOR GASTROINTESTINAL DISORDERS & PERITONEAL INFECTIONS W MCC,371 Average,21024.305073532298,Broadwater_Health_Center
372,MAJOR GASTROINTESTINAL DISORDERS & PERITONEAL INFECTIONS W CC,372 Average,15655.173898768402,Broadwater_Health_Center
373,MAJOR GASTROINTESTINAL DISORDERS & PERITONEAL INFECTIONS W/O CC/MCC,373 Average,11331.60922324335,Broadwater_Health_Center
374,DIGESTIVE MALIGNANCY W MCC,374 Average,29103.723704256703,Broadwater_Health_Center
375,DIGESTIVE MALIGNANCY W CC,375 Average,13992.96097563692,Broadwater_Health_Center
376,DIGESTIVE MALIGNANCY W/O CC/MCC,376 Average,9979.328146599735,Broadwater_Health_Center
377,G.I. HEMORRHAGE W MCC,377 Average,19905.823048932813,Broadwater_Health_Center
378,G.I. HEMORRHAGE W CC,378 Average,11499.651263701224,Broadwater_Health_Center
379,G.I. HEMORRHAGE W/O CC/MCC,379 Average,5843.385303168343,Broadwater_Health_Center
380,COMPLICATED PEPTIC ULCER W MCC,380 Average,19720.29536685656,Broadwater_Health_Center
381,COMPLICATED PEPTIC ULCER W CC,381 Average,17011.86456564947,Broadwater_Health_Center
382,COMPLICATED PEPTIC ULCER W/O CC/MCC,382 Average,12613.0,Broadwater_Health_Center
383,UNCOMPLICATED PEPTIC ULCER W MCC,383 Average,11090.0,Broadwater_Health_Center
384,UNCOMPLICATED PEPTIC ULCER W/O MCC,384 Average,10872.315320135653,Broadwater_Health_Center
385,INFLAMMATORY BOWEL DISEASE W MCC,385 Average,9113.52223068358,Broadwater_Health_Center
386,INFLAMMATORY BOWEL DISEASE W CC,386 Average,12708.7834201907,Broadwater_Health_Center
387,INFLAMMATORY BOWEL DISEASE W/O CC/MCC,387 Average,9125.566949804976,Broadwater_Health_Center
388,G.I. OBSTRUCTION W MCC,388 Average,18450.03465126829,Broadwater_Health_Center
389,G.I. OBSTRUCTION W CC,389 Average,10438.696246414622,Broadwater_Health_Center
390,G.I. OBSTRUCTION W/O CC/MCC,390 Average,7610.385973102073,Broadwater_Health_Center
391,"ESOPHAGITIS, GASTROENT & MISC DIGEST DISORDERS W MCC",391 Average,12268.38641699317,Broadwater_Health_Center
392,"ESOPHAGITIS, GASTROENT & MISC DIGEST DISORDERS W/O MCC",392 Average,10128.742963687328,Broadwater_Health_Center
393,OTHER DIGESTIVE SYSTEM DIAGNOSES W MCC,393 Average,18572.081378274732,Broadwater_Health_Center
394,OTHER DIGESTIVE SYSTEM DIAGNOSES W CC,394 Average,11242.663637524935,Broadwater_Health_Center
395,OTHER DIGESTIVE SYSTEM DIAGNOSES W/O CC/MCC,395 Average,8003.659132128354,Broadwater_Health_Center
405,"PANCREAS, LIVER & SHUNT PROCEDURES W MCC",405 Average,67289.73185445215,Broadwater_Health_Center
406,"PANCREAS, LIVER & SHUNT PROCEDURES W CC",406 Average,38663.90959733329,Broadwater_Health_Center
407,"PANCREAS, LIVER & SHUNT PROCEDURES W/O CC/MCC",407 Average,38421.89715010021,Broadwater_Health_Center
410,BILIARY TRACT PROC EXCEPT ONLY CHOLECYST W OR W/O C.D.E. W/O CC/MCC,410 Average,16520.86,Broadwater_Health_Center
411,CHOLECYSTECTOMY W C.D.E. W MCC,411 Average,27850.524554682986,Broadwater_Health_Center
412,CHOLECYSTECTOMY W C.D.E. W CC,412 Average,59493.16,Broadwater_Health_Center
413,CHOLECYSTECTOMY W C.D.E. W/O CC/MCC,413 Average,30258.75,Broadwater_Health_Center
414,CHOLECYSTECTOMY EXCEPT BY LAPAROSCOPE W/O C.D.E. W MCC,414 Average,33820.19,Broadwater_Health_Center
415,CHOLECYSTECTOMY EXCEPT BY LAPAROSCOPE W/O C.D.E. W CC,415 Average,28369.502446929026,Broadwater_Health_Center
416,CHOLECYSTECTOMY EXCEPT BY LAPAROSCOPE W/O C.D.E. W/O CC/MCC,416 Average,33205.73557693371,Broadwater_Health_Center
417,LAPAROSCOPIC CHOLECYSTECTOMY W/O C.D.E. W MCC,417 Average,25060.998220291345,Broadwater_Health_Center
418,LAPAROSCOPIC CHOLECYSTECTOMY W/O C.D.E. W CC,418 Average,22887.93273159698,Broadwater_Health_Center
419,LAPAROSCOPIC CHOLECYSTECTOMY W/O C.D.E. W/O CC/MCC,419 Average,20018.80038723426,Broadwater_Health_Center
420,HEPATOBILIARY DIAGNOSTIC PROCEDURES W MCC,420 Average,33152.20704612373,Broadwater_Health_Center
421,HEPATOBILIARY DIAGNOSTIC PROCEDURES W CC,421 Average,45435.65,Broadwater_Health_Center
422,HEPATOBILIARY DIAGNOSTIC PROCEDURES W/O CC/MCC,422 Average,22418.82202440619,Broadwater_Health_Center
423,OTHER HEPATOBILIARY OR PANCREAS O.R. PROCEDURES W MCC,423 Average,126886.97766769203,Broadwater_Health_Center
424,OTHER HEPATOBILIARY OR PANCREAS O.R. PROCEDURES W CC,424 Average,54486.61,Broadwater_Health_Center
432,CIRRHOSIS & ALCOHOLIC HEPATITIS W MCC,432 Average,20838.467989541696,Broadwater_Health_Center
433,CIRRHOSIS & ALCOHOLIC HEPATITIS W CC,433 Average,12160.518611340438,Broadwater_Health_Center
434,CIRRHOSIS & ALCOHOLIC HEPATITIS W/O CC/MCC,434 Average,19161.038184030647,Broadwater_Health_Center
435,MALIGNANCY OF HEPATOBILIARY SYSTEM OR PANCREAS W MCC,435 Average,21586.53617187045,Broadwater_Health_Center
436,MALIGNANCY OF HEPATOBILIARY SYSTEM OR PANCREAS W CC,436 Average,16177.478790030958,Broadwater_Health_Center
438,DISORDERS OF PANCREAS EXCEPT MALIGNANCY W MCC,438 Average,20012.485648869188,Broadwater_Health_Center
439,DISORDERS OF PANCREAS EXCEPT MALIGNANCY W CC,439 Average,12066.264035261473,Broadwater_Health_Center
440,DISORDERS OF PANCREAS EXCEPT MALIGNANCY W/O CC/MCC,440 Average,8481.452486082217,Broadwater_Health_Center
441,"DISORDERS OF LIVER EXCEPT MALIG, CIRR, ALC HEPA W MCC",441 Average,25333.274403076604,Broadwater_Health_Center
442,"DISORDERS OF LIVER EXCEPT MALIG, CIRR, ALC HEPA W CC",442 Average,12373.444977219779,Broadwater_Health_Center
443,"DISORDERS OF LIVER EXCEPT MALIG, CIRR, ALC HEPA W/O CC/MCC",443 Average,9327.646598181209,Broadwater_Health_Center
444,DISORDERS OF THE BILIARY TRACT W MCC,444 Average,17685.15791984246,Broadwater_Health_Center
445,DISORDERS OF THE BILIARY TRACT W CC,445 Average,14393.879027525594,Broadwater_Health_Center
446,DISORDERS OF THE BILIARY TRACT W/O CC/MCC,446 Average,12030.456082132188,Broadwater_Health_Center
453,COMBINED ANTERIOR/POSTERIOR SPINAL FUSION W MCC,453 Average,251437.53059165872,Broadwater_Health_Center
454,COMBINED ANTERIOR/POSTERIOR SPINAL FUSION W CC,454 Average,125780.87982456021,Broadwater_Health_Center
455,COMBINED ANTERIOR/POSTERIOR SPINAL FUSION W/O CC/MCC,455 Average,144487.14739916282,Broadwater_Health_Center
456,SPINAL FUS EXC CERV W SPINAL CURV/MALIG/INFEC OR EXT FUS W MCC,456 Average,161419.04471649067,Broadwater_Health_Center
457,SPINAL FUS EXC CERV W SPINAL CURV/MALIG/INFEC OR EXT FUS W CC,457 Average,85212.75468600226,Broadwater_Health_Center
458,SPINAL FUS EXC CERV W SPINAL CURV/MALIG/INFEC OR EXT FUS W/O CC/MCC,458 Average,143568.15048476908,Broadwater_Health_Center
459,SPINAL FUSION EXCEPT CERVICAL W MCC,459 Average,123194.59064704501,Broadwater_Health_Center
460,SPINAL FUSION EXCEPT CERVICAL W/O MCC,460 Average,107713.19575604795,Broadwater_Health_Center
462,BILATERAL OR MULTIPLE MAJOR JOINT PROCS OF LOWER EXTREMITY W/O MCC,462 Average,58391.7337053093,Broadwater_Health_Center
463,"WND DEBRID & SKN GRFT EXC HAND, FOR MUSCULO-CONN TISS DIS W MCC",463 Average,66287.30459902591,Broadwater_Health_Center
464,"WND DEBRID & SKN GRFT EXC HAND, FOR MUSCULO-CONN TISS DIS W CC",464 Average,40513.04646654952,Broadwater_Health_Center
465,"WND DEBRID & SKN GRFT EXC HAND, FOR MUSCULO-CONN TISS DIS W/O CC/MCC",465 Average,30885.3350656171,Broadwater_Health_Center
466,REVISION OF HIP OR KNEE REPLACEMENT W MCC,466 Average,58460.68521630061,Broadwater_Health_Center
467,REVISION OF HIP OR KNEE REPLACEMENT W CC,467 Average,56811.54896398418,Broadwater_Health_Center
468,REVISION OF HIP OR KNEE REPLACEMENT W/O CC/MCC,468 Average,40792.11790662747,Broadwater_Health_Center
469,MAJOR HIP AND KNEE JOINT REPLACEMENT OR REATTACHMENT OF LOWER EXTREMITY W MCC OR TOTAL ANKLE REPLACEMENT,469 Average,52886.93582852137,Broadwater_Health_Center
470,MAJOR HIP AND KNEE JOINT REPLACEMENT OR REATTACHMENT OF LOWER EXTREMITY W/O MCC,470 Average,33903.21447256101,Broadwater_Health_Center
471,CERVICAL SPINAL FUSION W MCC,471 Average,90736.46832726442,Broadwater_Health_Center
472,CERVICAL SPINAL FUSION W CC,472 Average,66033.03017765291,Broadwater_Health_Center
473,CERVICAL SPINAL FUSION W/O CC/MCC,473 Average,54308.037422102985,Broadwater_Health_Center
474,AMPUTATION FOR MUSCULOSKELETAL SYS & CONN TISSUE DIS W MCC,474 Average,43239.86842629639,Broadwater_Health_Center
475,AMPUTATION FOR MUSCULOSKELETAL SYS & CONN TISSUE DIS W CC,475 Average,45907.73702808013,Broadwater_Health_Center
476,AMPUTATION FOR MUSCULOSKELETAL SYS & CONN TISSUE DIS W/O CC/MCC,476 Average,16811.43,Broadwater_Health_Center
477,BIOPSIES OF MUSCULOSKELETAL SYSTEM & CONNECTIVE TISSUE W MCC,477 Average,75575.28407169263,Broadwater_Health_Center
478,BIOPSIES OF MUSCULOSKELETAL SYSTEM & CONNECTIVE TISSUE W CC,478 Average,28902.03543517156,Broadwater_Health_Center
479,BIOPSIES OF MUSCULOSKELETAL SYSTEM & CONNECTIVE TISSUE W/O CC/MCC,479 Average,36779.60671238207,Broadwater_Health_Center
480,HIP & FEMUR PROCEDURES EXCEPT MAJOR JOINT W MCC,480 Average,49660.10848325714,Broadwater_Health_Center
481,HIP & FEMUR PROCEDURES EXCEPT MAJOR JOINT W CC,481 Average,39408.798082921254,Broadwater_Health_Center
482,HIP & FEMUR PROCEDURES EXCEPT MAJOR JOINT W/O CC/MCC,482 Average,32233.540642782107,Broadwater_Health_Center
483,MAJOR JOINT/LIMB REATTACHMENT PROCEDURE OF UPPER EXTREMITIES,483 Average,48315.83663395467,Broadwater_Health_Center
485,KNEE PROCEDURES W PDX OF INFECTION W MCC,485 Average,44818.37779413799,Broadwater_Health_Center
486,KNEE PROCEDURES W PDX OF INFECTION W CC,486 Average,39380.82852810489,Broadwater_Health_Center
488,KNEE PROCEDURES W/O PDX OF INFECTION W CC/MCC,488 Average,39121.2662029554,Broadwater_Health_Center
489,KNEE PROCEDURES W/O PDX OF INFECTION W/O CC/MCC,489 Average,30529.70665893505,Broadwater_Health_Center
492,"LOWER EXTREM & HUMER PROC EXCEPT HIP, FOOT, FEMUR W MCC",492 Average,63431.87877526673,Broadwater_Health_Center
493,"LOWER EXTREM & HUMER PROC EXCEPT HIP, FOOT, FEMUR W CC",493 Average,46578.6406983338,Broadwater_Health_Center
494,"LOWER EXTREM & HUMER PROC EXCEPT HIP, FOOT, FEMUR W/O CC/MCC",494 Average,31642.88346037429,Broadwater_Health_Center
495,LOCAL EXCISION & REMOVAL INT FIX DEVICES EXC HIP & FEMUR W MCC,495 Average,47325.35998488212,Broadwater_Health_Center
496,LOCAL EXCISION & REMOVAL INT FIX DEVICES EXC HIP & FEMUR W CC,496 Average,36449.6697599797,Broadwater_Health_Center
497,LOCAL EXCISION & REMOVAL INT FIX DEVICES EXC HIP & FEMUR W/O CC/MCC,497 Average,23495.11906869455,Broadwater_Health_Center
498,LOCAL EXCISION & REMOVAL INT FIX DEVICES OF HIP & FEMUR W CC/MCC,498 Average,48723.68,Broadwater_Health_Center
499,LOCAL EXCISION & REMOVAL INT FIX DEVICES OF HIP & FEMUR W/O CC/MCC,499 Average,16227.39,Broadwater_Health_Center
500,SOFT TISSUE PROCEDURES W MCC,500 Average,47887.503563475526,Broadwater_Health_Center
501,SOFT TISSUE PROCEDURES W CC,501 Average,20962.588944213585,Broadwater_Health_Center
502,SOFT TISSUE PROCEDURES W/O CC/MCC,502 Average,17265.282766831795,Broadwater_Health_Center
503,FOOT PROCEDURES W MCC,503 Average,164920.41613540924,Broadwater_Health_Center
504,FOOT PROCEDURES W CC,504 Average,24978.318528202963,Broadwater_Health_Center
505,FOOT PROCEDURES W/O CC/MCC,505 Average,18057.011101508466,Broadwater_Health_Center
506,MAJOR THUMB OR JOINT PROCEDURES,506 Average,21984.883408833444,Broadwater_Health_Center
511,"SHOULDER, ELBOW OR FOREARM PROC, EXC MAJOR JOINT PROC W CC",511 Average,33684.47583041349,Broadwater_Health_Center
512,"SHOULDER, ELBOW OR FOREARM PROC, EXC MAJOR JOINT PROC W/O CC/MCC",512 Average,35900.047574414835,Broadwater_Health_Center
513,"HAND OR WRIST PROC, EXCEPT MAJOR THUMB OR JOINT PROC W CC/MCC",513 Average,27437.34966690179,Broadwater_Health_Center
514,"HAND OR WRIST PROC, EXCEPT MAJOR THUMB OR JOINT PROC W/O CC/MCC",514 Average,12187.584686389731,Broadwater_Health_Center
515,OTHER MUSCULOSKELET SYS & CONN TISS O.R. PROC W MCC,515 Average,64176.71766130362,Broadwater_Health_Center
516,OTHER MUSCULOSKELET SYS & CONN TISS O.R. PROC W CC,516 Average,36432.023082733176,Broadwater_Health_Center
517,OTHER MUSCULOSKELET SYS & CONN TISS O.R. PROC W/O CC/MCC,517 Average,29131.040990762795,Broadwater_Health_Center
518,BACK & NECK PROC EXC SPINAL FUSION W MCC OR DISC DEVICE/NEUROSTIM,518 Average,67039.1857053099,Broadwater_Health_Center
519,BACK & NECK PROC EXC SPINAL FUSION W CC,519 Average,50123.19634651832,Broadwater_Health_Center
520,BACK & NECK PROC EXC SPINAL FUSION W/O CC/MCC,520 Average,42145.520480871885,Broadwater_Health_Center
533,FRACTURES OF FEMUR W MCC,533 Average,37219.0,Broadwater_Health_Center
534,FRACTURES OF FEMUR W/O MCC,534 Average,10556.93361380892,Broadwater_Health_Center
535,FRACTURES OF HIP & PELVIS W MCC,535 Average,17926.666072890323,Broadwater_Health_Center
536,FRACTURES OF HIP & PELVIS W/O MCC,536 Average,12354.069613020743,Broadwater_Health_Center
539,OSTEOMYELITIS W MCC,539 Average,38067.43314368701,Broadwater_Health_Center
540,OSTEOMYELITIS W CC,540 Average,13512.987924213972,Broadwater_Health_Center
541,OSTEOMYELITIS W/O CC/MCC,541 Average,17385.757555539534,Broadwater_Health_Center
542,PATHOLOGICAL FRACTURES & MUSCULOSKELET & CONN TISS MALIG W MCC,542 Average,19060.0,Broadwater_Health_Center
543,PATHOLOGICAL FRACTURES & MUSCULOSKELET & CONN TISS MALIG W CC,543 Average,13385.585010709647,Broadwater_Health_Center
544,PATHOLOGICAL FRACTURES & MUSCULOSKELET & CONN TISS MALIG W/O CC/MCC,544 Average,13171.633387133614,Broadwater_Health_Center
545,CONNECTIVE TISSUE DISORDERS W MCC,545 Average,28477.280143265085,Broadwater_Health_Center
546,CONNECTIVE TISSUE DISORDERS W CC,546 Average,10765.596246021278,Broadwater_Health_Center
547,CONNECTIVE TISSUE DISORDERS W/O CC/MCC,547 Average,17393.53897353084,Broadwater_Health_Center
548,SEPTIC ARTHRITIS W MCC,548 Average,30684.541770059328,Broadwater_Health_Center
549,SEPTIC ARTHRITIS W CC,549 Average,11140.898163683745,Broadwater_Health_Center
551,MEDICAL BACK PROBLEMS W MCC,551 Average,23501.51787152884,Broadwater_Health_Center
552,MEDICAL BACK PROBLEMS W/O MCC,552 Average,15753.286552075233,Broadwater_Health_Center
553,BONE DISEASES & ARTHROPATHIES W MCC,553 Average,12816.0,Broadwater_Health_Center
554,BONE DISEASES & ARTHROPATHIES W/O MCC,554 Average,16679.84729787977,Broadwater_Health_Center
555,SIGNS & SYMPTOMS OF MUSCULOSKELETAL SYSTEM & CONN TISSUE W MCC,555 Average,16603.23118122637,Broadwater_Health_Center
556,SIGNS & SYMPTOMS OF MUSCULOSKELETAL SYSTEM & CONN TISSUE W/O MCC,556 Average,12009.44194770028,Broadwater_Health_Center
557,"TENDONITIS, MYOSITIS & BURSITIS W MCC",557 Average,33078.0,Broadwater_Health_Center
558,"TENDONITIS, MYOSITIS & BURSITIS W/O MCC",558 Average,11824.789924421215,Broadwater_Health_Center
559,"AFTERCARE, MUSCULOSKELETAL SYSTEM & CONNECTIVE TISSUE W MCC",559 Average,12718.721398002239,Broadwater_Health_Center
560,"AFTERCARE, MUSCULOSKELETAL SYSTEM & CONNECTIVE TISSUE W CC",560 Average,14410.031387119196,Broadwater_Health_Center
561,"AFTERCARE, MUSCULOSKELETAL SYSTEM & CONNECTIVE TISSUE W/O CC/MCC",561 Average,9066.0,Broadwater_Health_Center
562,"FX, SPRN, STRN & DISL EXCEPT FEMUR, HIP, PELVIS & THIGH W MCC",562 Average,14818.87338444012,Broadwater_Health_Center
563,"FX, SPRN, STRN & DISL EXCEPT FEMUR, HIP, PELVIS & THIGH W/O MCC",563 Average,15923.88939819689,Broadwater_Health_Center
564,OTHER MUSCULOSKELETAL SYS & CONNECTIVE TISSUE DIAGNOSES W MCC,564 Average,17466.90744672503,Broadwater_Health_Center
565,OTHER MUSCULOSKELETAL SYS & CONNECTIVE TISSUE DIAGNOSES W CC,565 Average,19726.865317378735,Broadwater_Health_Center
566,OTHER MUSCULOSKELETAL SYS & CONNECTIVE TISSUE DIAGNOSES W/O CC/MCC,566 Average,11338.03377953003,Broadwater_Health_Center
570,SKIN DEBRIDEMENT W MCC,570 Average,30995.609749558622,Broadwater_Health_Center
571,SKIN DEBRIDEMENT W CC,571 Average,22315.90517989377,Broadwater_Health_Center
572,SKIN DEBRIDEMENT W/O CC/MCC,572 Average,21878.380936865095,Broadwater_Health_Center
573,SKIN GRAFT FOR SKIN ULCER OR CELLULITIS W MCC,573 Average,96081.8784,Broadwater_Health_Center
574,SKIN GRAFT FOR SKIN ULCER OR CELLULITIS W CC,574 Average,40575.663082553314,Broadwater_Health_Center
577,SKIN GRAFT EXC FOR SKIN ULCER OR CELLULITIS W CC,577 Average,28132.25,Broadwater_Health_Center
578,SKIN GRAFT EXC FOR SKIN ULCER OR CELLULITIS W/O CC/MCC,578 Average,89188.9327,Broadwater_Health_Center
579,"OTHER SKIN, SUBCUT TISS & BREAST PROC W MCC",579 Average,31892.168144347153,Broadwater_Health_Center
580,"OTHER SKIN, SUBCUT TISS & BREAST PROC W CC",580 Average,23720.88389246584,Broadwater_Health_Center
581,"OTHER SKIN, SUBCUT TISS & BREAST PROC W/O CC/MCC",581 Average,23360.85777770608,Broadwater_Health_Center
582,MASTECTOMY FOR MALIGNANCY W CC/MCC,582 Average,47867.3184,Broadwater_Health_Center
583,MASTECTOMY FOR MALIGNANCY W/O CC/MCC,583 Average,10864.2514,Broadwater_Health_Center
585,"BREAST BIOPSY, LOCAL EXCISION & OTHER BREAST PROCEDURES W/O CC/MCC",585 Average,48970.50113739393,Broadwater_Health_Center
592,SKIN ULCERS W MCC,592 Average,13514.003292881054,Broadwater_Health_Center
593,SKIN ULCERS W CC,593 Average,8978.544014055458,Broadwater_Health_Center
595,MAJOR SKIN DISORDERS W MCC,595 Average,56713.0,Broadwater_Health_Center
596,MAJOR SKIN DISORDERS W/O MCC,596 Average,6320.284963919907,Broadwater_Health_Center
598,MALIGNANT BREAST DISORDERS W CC,598 Average,5917.4645,Broadwater_Health_Center
600,NON-MALIGNANT BREAST DISORDERS W CC/MCC,600 Average,12615.479885502657,Broadwater_Health_Center
602,CELLULITIS W MCC,602 Average,16096.613326274093,Broadwater_Health_Center
603,CELLULITIS W/O MCC,603 Average,10021.962379243005,Broadwater_Health_Center
604,"TRAUMA TO THE SKIN, SUBCUT TISS & BREAST W MCC",604 Average,25491.496164567397,Broadwater_Health_Center
605,"TRAUMA TO THE SKIN, SUBCUT TISS & BREAST W/O MCC",605 Average,15298.144613488048,Broadwater_Health_Center
606,MINOR SKIN DISORDERS W MCC,606 Average,32355.811470400706,Broadwater_Health_Center
607,MINOR SKIN DISORDERS W/O MCC,607 Average,8540.795594464256,Broadwater_Health_Center
614,ADRENAL & PITUITARY PROCEDURES W CC/MCC,614 Average,37287.4351779822,Broadwater_Health_Center
615,ADRENAL & PITUITARY PROCEDURES W/O CC/MCC,615 Average,27234.18325129222,Broadwater_Health_Center
616,"AMPUTAT OF LOWER LIMB FOR ENDOCRINE, NUTRIT, & METABOL DIS W MCC",616 Average,67135.88859647632,Broadwater_Health_Center
617,"AMPUTAT OF LOWER LIMB FOR ENDOCRINE, NUTRIT, & METABOL DIS W CC",617 Average,19103.074840621044,Broadwater_Health_Center
619,O.R. PROCEDURES FOR OBESITY W MCC,619 Average,49156.402526723126,Broadwater_Health_Center
620,O.R. PROCEDURES FOR OBESITY W CC,620 Average,35130.31608823336,Broadwater_Health_Center
621,O.R. PROCEDURES FOR OBESITY W/O CC/MCC,621 Average,28918.835698614068,Broadwater_Health_Center
622,"SKIN GRAFTS & WOUND DEBRID FOR ENDOC, NUTRIT & METAB DIS W MCC",622 Average,79045.8,Broadwater_Health_Center
623,"SKIN GRAFTS & WOUND DEBRID FOR ENDOC, NUTRIT & METAB DIS W CC",623 Average,32751.113108271125,Broadwater_Health_Center
624,"SKIN GRAFTS & WOUND DEBRID FOR ENDOC, NUTRIT & METAB DIS W/O CC/MCC",624 Average,19835.494704035416,Broadwater_Health_Center
625,"THYROID, PARATHYROID & THYROGLOSSAL PROCEDURES W MCC",625 Average,38762.8,Broadwater_Health_Center
627,"THYROID, PARATHYROID & THYROGLOSSAL PROCEDURES W/O CC/MCC",627 Average,16338.747370631154,Broadwater_Health_Center
629,"OTHER ENDOCRINE, NUTRIT & METAB O.R. PROC W CC",629 Average,24781.397785041725,Broadwater_Health_Center
637,DIABETES W MCC,637 Average,18786.617024031453,Broadwater_Health_Center
638,DIABETES W CC,638 Average,10627.242160502585,Broadwater_Health_Center
639,DIABETES W/O CC/MCC,639 Average,8058.1189921189725,Broadwater_Health_Center
640,"MISC DISORDERS OF NUTRITION, METABOLISM, FLUIDS/ELECTROLYTES W MCC",640 Average,16121.285983539246,Broadwater_Health_Center
641,"MISC DISORDERS OF NUTRITION, METABOLISM, FLUIDS/ELECTROLYTES W/O MCC",641 Average,8240.76716901557,Broadwater_Health_Center
642,INBORN AND OTHER DISORDERS OF METABOLISM,642 Average,33834.09443544665,Broadwater_Health_Center
643,ENDOCRINE DISORDERS W MCC,643 Average,20079.367504082107,Broadwater_Health_Center
644,ENDOCRINE DISORDERS W CC,644 Average,10877.801218791083,Broadwater_Health_Center
645,ENDOCRINE DISORDERS W/O CC/MCC,645 Average,8238.317293744225,Broadwater_Health_Center
653,MAJOR BLADDER PROCEDURES W MCC,653 Average,77826.99968308087,Broadwater_Health_Center
654,MAJOR BLADDER PROCEDURES W CC,654 Average,38555.12053155093,Broadwater_Health_Center
655,MAJOR BLADDER PROCEDURES W/O CC/MCC,655 Average,24277.214289347714,Broadwater_Health_Center
656,KIDNEY & URETER PROCEDURES FOR NEOPLASM W MCC,656 Average,40467.03408678805,Broadwater_Health_Center
657,KIDNEY & URETER PROCEDURES FOR NEOPLASM W CC,657 Average,33207.34722902298,Broadwater_Health_Center
658,KIDNEY & URETER PROCEDURES FOR NEOPLASM W/O CC/MCC,658 Average,26459.862710786605,Broadwater_Health_Center
659,KIDNEY & URETER PROCEDURES FOR NON-NEOPLASM W MCC,659 Average,30383.4759960523,Broadwater_Health_Center
660,KIDNEY & URETER PROCEDURES FOR NON-NEOPLASM W CC,660 Average,20664.947902491498,Broadwater_Health_Center
661,KIDNEY & URETER PROCEDURES FOR NON-NEOPLASM W/O CC/MCC,661 Average,21103.922689356525,Broadwater_Health_Center
662,MINOR BLADDER PROCEDURES W MCC,662 Average,19681.79955891737,Broadwater_Health_Center
663,MINOR BLADDER PROCEDURES W CC,663 Average,16911.407276866186,Broadwater_Health_Center
664,MINOR BLADDER PROCEDURES W/O CC/MCC,664 Average,27289.10471144116,Broadwater_Health_Center
665,PROSTATECTOMY W MCC,665 Average,21018.26,Broadwater_Health_Center
666,PROSTATECTOMY W CC,666 Average,24956.4,Broadwater_Health_Center
667,PROSTATECTOMY W/O CC/MCC,667 Average,8497.0,Broadwater_Health_Center
668,TRANSURETHRAL PROCEDURES W MCC,668 Average,23606.086951488556,Broadwater_Health_Center
669,TRANSURETHRAL PROCEDURES W CC,669 Average,27981.92683690258,Broadwater_Health_Center
673,OTHER KIDNEY & URINARY TRACT PROCEDURES W MCC,673 Average,42242.48768685049,Broadwater_Health_Center
674,OTHER KIDNEY & URINARY TRACT PROCEDURES W CC,674 Average,27060.548021275936,Broadwater_Health_Center
682,RENAL FAILURE W MCC,682 Average,15936.438000729277,Broadwater_Health_Center
683,RENAL FAILURE W CC,683 Average,11400.763590894107,Broadwater_Health_Center
684,RENAL FAILURE W/O CC/MCC,684 Average,9255.63054104302,Broadwater_Health_Center
686,KIDNEY & URINARY TRACT NEOPLASMS W MCC,686 Average,15406.36345378104,Broadwater_Health_Center
687,KIDNEY & URINARY TRACT NEOPLASMS W CC,687 Average,31056.99,Broadwater_Health_Center
688,KIDNEY & URINARY TRACT NEOPLASMS W/O CC/MCC,688 Average,2244.0,Broadwater_Health_Center
689,KIDNEY & URINARY TRACT INFECTIONS W MCC,689 Average,14997.553445767368,Broadwater_Health_Center
690,KIDNEY & URINARY TRACT INFECTIONS W/O MCC,690 Average,9088.73206420223,Broadwater_Health_Center
693,URINARY STONES W MCC,693 Average,14196.227071951196,Broadwater_Health_Center
694,URINARY STONES W/O MCC,694 Average,11355.929738673383,Broadwater_Health_Center
695,KIDNEY & URINARY TRACT SIGNS & SYMPTOMS W MCC,695 Average,17891.002843608294,Broadwater_Health_Center
696,KIDNEY & URINARY TRACT SIGNS & SYMPTOMS W/O MCC,696 Average,3691.7155536178116,Broadwater_Health_Center
698,OTHER KIDNEY & URINARY TRACT DIAGNOSES W MCC,698 Average,16411.245487993547,Broadwater_Health_Center
699,OTHER KIDNEY & URINARY TRACT DIAGNOSES W CC,699 Average,9407.530801828052,Broadwater_Health_Center
700,OTHER KIDNEY & URINARY TRACT DIAGNOSES W/O CC/MCC,700 Average,6476.458155325733,Broadwater_Health_Center
707,MAJOR MALE PELVIC PROCEDURES W CC/MCC,707 Average,21614.852092844714,Broadwater_Health_Center
708,MAJOR MALE PELVIC PROCEDURES W/O CC/MCC,708 Average,21500.682712384125,Broadwater_Health_Center
711,TESTES PROCEDURES W CC/MCC,711 Average,15280.094770950549,Broadwater_Health_Center
713,TRANSURETHRAL PROSTATECTOMY W CC/MCC,713 Average,22179.70604770892,Broadwater_Health_Center
714,TRANSURETHRAL PROSTATECTOMY W/O CC/MCC,714 Average,17788.500365313546,Broadwater_Health_Center
717,OTHER MALE REPRODUCTIVE SYSTEM O.R. PROC EXC MALIGNANCY W CC/MCC,717 Average,22370.45785995863,Broadwater_Health_Center
718,OTHER MALE REPRODUCTIVE SYSTEM O.R. PROC EXC MALIGNANCY W/O CC/MCC,718 Average,12019.674499769118,Broadwater_Health_Center
722,"MALIGNANCY, MALE REPRODUCTIVE SYSTEM W MCC",722 Average,18528.979631917133,Broadwater_Health_Center
723,"MALIGNANCY, MALE REPRODUCTIVE SYSTEM W CC",723 Average,25098.0,Broadwater_Health_Center
726,BENIGN PROSTATIC HYPERTROPHY W/O MCC,726 Average,5726.96783560248,Broadwater_Health_Center
728,INFLAMMATION OF THE MALE REPRODUCTIVE SYSTEM W/O MCC,728 Average,8528.745963420764,Broadwater_Health_Center
729,OTHER MALE REPRODUCTIVE SYSTEM DIAGNOSES W CC/MCC,729 Average,15874.731997737788,Broadwater_Health_Center
730,OTHER MALE REPRODUCTIVE SYSTEM DIAGNOSES W/O CC/MCC,730 Average,13348.76,Broadwater_Health_Center
734,"PELVIC EVISCERATION, RAD HYSTERECTOMY & RAD VULVECTOMY W CC/MCC",734 Average,47299.81699202717,Broadwater_Health_Center
735,"PELVIC EVISCERATION, RAD HYSTERECTOMY & RAD VULVECTOMY W/O CC/MCC",735 Average,26824.592901589505,Broadwater_Health_Center
736,UTERINE & ADNEXA PROC FOR OVARIAN OR ADNEXAL MALIGNANCY W MCC,736 Average,78527.88451398717,Broadwater_Health_Center
737,UTERINE & ADNEXA PROC FOR OVARIAN OR ADNEXAL MALIGNANCY W CC,737 Average,39704.03841030966,Broadwater_Health_Center
738,UTERINE & ADNEXA PROC FOR OVARIAN OR ADNEXAL MALIGNANCY W/O CC/MCC,738 Average,29988.828242858053,Broadwater_Health_Center
739,"UTERINE, ADNEXA PROC FOR NON-OVARIAN/ADNEXAL MALIG W MCC",739 Average,77495.89606651953,Broadwater_Health_Center
740,"UTERINE, ADNEXA PROC FOR NON-OVARIAN/ADNEXAL MALIG W CC",740 Average,35712.08742385717,Broadwater_Health_Center
741,"UTERINE, ADNEXA PROC FOR NON-OVARIAN/ADNEXAL MALIG W/O CC/MCC",741 Average,23658.854297199,Broadwater_Health_Center
742,UTERINE & ADNEXA PROC FOR NON-MALIGNANCY W CC/MCC,742 Average,23649.376453416873,Broadwater_Health_Center
743,UTERINE & ADNEXA PROC FOR NON-MALIGNANCY W/O CC/MCC,743 Average,19300.587556875606,Broadwater_Health_Center
744,"D&C, CONIZATION, LAPAROSCOPY & TUBAL INTERRUPTION W CC/MCC",744 Average,77871.25,Broadwater_Health_Center
745,"D&C, CONIZATION, LAPAROSCOPY & TUBAL INTERRUPTION W/O CC/MCC",745 Average,25537.855308352,Broadwater_Health_Center
746,"VAGINA, CERVIX & VULVA PROCEDURES W CC/MCC",746 Average,20126.197070795566,Broadwater_Health_Center
747,"VAGINA, CERVIX & VULVA PROCEDURES W/O CC/MCC",747 Average,15616.042513235598,Broadwater_Health_Center
749,OTHER FEMALE REPRODUCTIVE SYSTEM O.R. PROCEDURES W CC/MCC,749 Average,46686.6059206613,Broadwater_Health_Center
750,OTHER FEMALE REPRODUCTIVE SYSTEM O.R. PROCEDURES W/O CC/MCC,750 Average,14789.886,Broadwater_Health_Center
754,"MALIGNANCY, FEMALE REPRODUCTIVE SYSTEM W MCC",754 Average,33140.577775085665,Broadwater_Health_Center
755,"MALIGNANCY, FEMALE REPRODUCTIVE SYSTEM W CC",755 Average,22008.91052717375,Broadwater_Health_Center
756,"MALIGNANCY, FEMALE REPRODUCTIVE SYSTEM W/O CC/MCC",756 Average,14218.916780533358,Broadwater_Health_Center
757,"INFECTIONS, FEMALE REPRODUCTIVE SYSTEM W MCC",757 Average,145728.35,Broadwater_Health_Center
758,"INFECTIONS, FEMALE REPRODUCTIVE SYSTEM W CC",758 Average,10495.421318847539,Broadwater_Health_Center
759,"INFECTIONS, FEMALE REPRODUCTIVE SYSTEM W/O CC/MCC",759 Average,8609.0,Broadwater_Health_Center
760,MENSTRUAL & OTHER FEMALE REPRODUCTIVE SYSTEM DISORDERS W CC/MCC,760 Average,7061.0,Broadwater_Health_Center
761,MENSTRUAL & OTHER FEMALE REPRODUCTIVE SYSTEM DISORDERS W/O CC/MCC,761 Average,7920.719033017142,Broadwater_Health_Center
768,VAGINAL DELIVERY W O.R. PROC EXCEPT STERIL &/OR D&C,768 Average,9175.56325301173,Broadwater_Health_Center
769,POSTPARTUM & POST ABORTION DIAGNOSES W O.R. PROCEDURE,769 Average,11023.612083144206,Broadwater_Health_Center
776,POSTPARTUM & POST ABORTION DIAGNOSES W/O O.R. PROCEDURE,776 Average,5428.204729157875,Broadwater_Health_Center
779,ABORTION W/O D&C,779 Average,9883.165753568033,Broadwater_Health_Center
783,CESAREAN SECTION W STERILIZATION W MCC,783 Average,33276.643298758376,Broadwater_Health_Center
784,CESAREAN SECTION W STERILIZATION W CC,784 Average,18468.587010815838,Broadwater_Health_Center
785,CESAREAN SECTION W STERILIZATION W/O CC/MCC,785 Average,15780.85226368356,Broadwater_Health_Center
786,CESAREAN SECTION W/O STERILIZATION W MCC,786 Average,18583.20210311991,Broadwater_Health_Center
787,CESAREAN SECTION W/O STERILIZATION W CC,787 Average,16521.82152249411,Broadwater_Health_Center
788,CESAREAN SECTION W/O STERILIZATION W/O CC/MCC,788 Average,14901.508201773526,Broadwater_Health_Center
789,"NEONATES, DIED OR TRANSFERRED TO ANOTHER ACUTE CARE FACILITY",789 Average,36437.809343901,Broadwater_Health_Center
790,"EXTREME IMMATURITY OR RESPIRATORY DISTRESS SYNDROME, NEONATE",790 Average,156857.58797580545,Broadwater_Health_Center
791,PREMATURITY W MAJOR PROBLEMS,791 Average,46507.04201691495,Broadwater_Health_Center
792,PREMATURITY W/O MAJOR PROBLEMS,792 Average,15487.12225671801,Broadwater_Health_Center
793,FULL TERM NEONATE W MAJOR PROBLEMS,793 Average,10249.048528298523,Broadwater_Health_Center
794,NEONATE W OTHER SIGNIFICANT PROBLEMS,794 Average,2991.384126849887,Broadwater_Health_Center
795,NORMAL NEWBORN,795 Average,2325.549218863794,Broadwater_Health_Center
797,VAGINAL DELIVERY W STERILIZATION/D&C W CC,797 Average,13895.09,Broadwater_Health_Center
798,VAGINAL DELIVERY W STERILIZATION/D&C W/O CC/MCC,798 Average,13965.5,Broadwater_Health_Center
799,SPLENECTOMY W MCC,799 Average,71602.49,Broadwater_Health_Center
801,SPLENECTOMY W/O CC/MCC,801 Average,75195.13,Broadwater_Health_Center
802,OTHER O.R. PROC OF THE BLOOD & BLOOD FORMING ORGANS W MCC,802 Average,22455.61,Broadwater_Health_Center
803,OTHER O.R. PROC OF THE BLOOD & BLOOD FORMING ORGANS W CC,803 Average,44702.329689076665,Broadwater_Health_Center
804,OTHER O.R. PROC OF THE BLOOD & BLOOD FORMING ORGANS W/O CC/MCC,804 Average,23046.85965951995,Broadwater_Health_Center
805,VAGINAL DELIVERY W/O STERILIZATION/D&C W MCC,805 Average,13856.675992828677,Broadwater_Health_Center
806,VAGINAL DELIVERY W/O STERILIZATION/D&C W CC,806 Average,7931.749921588831,Broadwater_Health_Center
807,VAGINAL DELIVERY W/O STERILIZATION/D&C W/O CC/MCC,807 Average,7422.162793549593,Broadwater_Health_Center
808,MAJOR HEMATOL/IMMUN DIAG EXC SICKLE CELL CRISIS & COAGUL W MCC,808 Average,21873.270857403026,Broadwater_Health_Center
809,MAJOR HEMATOL/IMMUN DIAG EXC SICKLE CELL CRISIS & COAGUL W CC,809 Average,12374.934781378188,Broadwater_Health_Center
810,MAJOR HEMATOL/IMMUN DIAG EXC SICKLE CELL CRISIS & COAGUL W/O CC/MCC,810 Average,14563.781911521004,Broadwater_Health_Center
811,RED BLOOD CELL DISORDERS W MCC,811 Average,20781.321478791015,Broadwater_Health_Center
812,RED BLOOD CELL DISORDERS W/O MCC,812 Average,10287.046441029768,Broadwater_Health_Center
813,COAGULATION DISORDERS,813 Average,19583.278760157187,Broadwater_Health_Center
814,RETICULOENDOTHELIAL & IMMUNITY DISORDERS W MCC,814 Average,80807.6242751883,Broadwater_Health_Center
815,RETICULOENDOTHELIAL & IMMUNITY DISORDERS W CC,815 Average,15856.065263028251,Broadwater_Health_Center
816,RETICULOENDOTHELIAL & IMMUNITY DISORDERS W/O CC/MCC,816 Average,7906.7510300484055,Broadwater_Health_Center
817,OTHER ANTEPARTUM DIAGNOSES W O.R. PROCEDURE W MCC,817 Average,23035.254353464723,Broadwater_Health_Center
818,OTHER ANTEPARTUM DIAGNOSES W O.R. PROCEDURE W CC,818 Average,27805.81615018751,Broadwater_Health_Center
819,OTHER ANTEPARTUM DIAGNOSES W O.R. PROCEDURE W/O CC/MCC,819 Average,5675.214551039105,Broadwater_Health_Center
820,LYMPHOMA & LEUKEMIA W MAJOR O.R. PROCEDURE W MCC,820 Average,217622.09139672425,Broadwater_Health_Center
821,LYMPHOMA & LEUKEMIA W MAJOR O.R. PROCEDURE W CC,821 Average,16577.348300938338,Broadwater_Health_Center
822,LYMPHOMA & LEUKEMIA W MAJOR O.R. PROCEDURE W/O CC/MCC,822 Average,20212.64,Broadwater_Health_Center
823,LYMPHOMA & NON-ACUTE LEUKEMIA W OTHER PROC W MCC,823 Average,148647.10014201244,Broadwater_Health_Center
824,LYMPHOMA & NON-ACUTE LEUKEMIA W OTHER PROC W CC,824 Average,25790.676,Broadwater_Health_Center
825,LYMPHOMA & NON-ACUTE LEUKEMIA W OTHER PROC W/O CC/MCC,825 Average,13620.91,Broadwater_Health_Center
827,MYELOPROLIF DISORD OR POORLY DIFF NEOPL W MAJ O.R. PROC W CC,827 Average,43509.79960863874,Broadwater_Health_Center
828,MYELOPROLIF DISORD OR POORLY DIFF NEOPL W MAJ O.R. PROC W/O CC/MCC,828 Average,18143.33346392553,Broadwater_Health_Center
829,MYELOPROLIFERATIVE DISORDERS OR POORLY DIFFERENTIATED NEOPLASMS W OTHER PROCEDURE W CC/MCC,829 Average,33895.484080444585,Broadwater_Health_Center
830,MYELOPROLIFERATIVE DISORDERS OR POORLY DIFFERENTIATED NEOPLASMS W OTHER PROCEDURE W/O CC/MCC,830 Average,21963.84233336824,Broadwater_Health_Center
831,OTHER ANTEPARTUM DIAGNOSES W/O O.R. PROCEDURE W MCC,831 Average,16012.20148423768,Broadwater_Health_Center
832,OTHER ANTEPARTUM DIAGNOSES W/O O.R. PROCEDURE W CC,832 Average,9282.992359798141,Broadwater_Health_Center
833,OTHER ANTEPARTUM DIAGNOSES W/O O.R. PROCEDURE W/O CC/MCC,833 Average,8186.873270890177,Broadwater_Health_Center
834,ACUTE LEUKEMIA W/O MAJOR O.R. PROCEDURE W MCC,834 Average,82476.03295309492,Broadwater_Health_Center
835,ACUTE LEUKEMIA W/O MAJOR O.R. PROCEDURE W CC,835 Average,20961.810092142023,Broadwater_Health_Center
836,ACUTE LEUKEMIA W/O MAJOR O.R. PROCEDURE W/O CC/MCC,836 Average,9701.257547349209,Broadwater_Health_Center
837,CHEMO W ACUTE LEUKEMIA AS SDX OR W HIGH DOSE CHEMO AGENT W MCC,837 Average,39315.35344102578,Broadwater_Health_Center
838,CHEMO W ACUTE LEUKEMIA AS SDX W CC OR HIGH DOSE CHEMO AGENT,838 Average,17725.96604171004,Broadwater_Health_Center
839,CHEMO W ACUTE LEUKEMIA AS SDX W/O CC/MCC,839 Average,21023.81470740942,Broadwater_Health_Center
840,LYMPHOMA & NON-ACUTE LEUKEMIA W MCC,840 Average,36311.39281697446,Broadwater_Health_Center
841,LYMPHOMA & NON-ACUTE LEUKEMIA W CC,841 Average,15584.395582232064,Broadwater_Health_Center
842,LYMPHOMA & NON-ACUTE LEUKEMIA W/O CC/MCC,842 Average,12265.910076304977,Broadwater_Health_Center
843,OTHER MYELOPROLIF DIS OR POORLY DIFF NEOPL DIAG W MCC,843 Average,14499.752444036956,Broadwater_Health_Center
844,OTHER MYELOPROLIF DIS OR POORLY DIFF NEOPL DIAG W CC,844 Average,13781.94645324092,Broadwater_Health_Center
845,OTHER MYELOPROLIF DIS OR POORLY DIFF NEOPL DIAG W/O CC/MCC,845 Average,18452.53236102904,Broadwater_Health_Center
846,CHEMOTHERAPY W/O ACUTE LEUKEMIA AS SECONDARY DIAGNOSIS W MCC,846 Average,15397.067917367702,Broadwater_Health_Center
847,CHEMOTHERAPY W/O ACUTE LEUKEMIA AS SECONDARY DIAGNOSIS W CC,847 Average,17237.791884344973,Broadwater_Health_Center
849,RADIOTHERAPY,849 Average,39755.4478,Broadwater_Health_Center
853,INFECTIOUS & PARASITIC DISEASES W O.R. PROCEDURE W MCC,853 Average,66242.38814344085,Broadwater_Health_Center
854,INFECTIOUS & PARASITIC DISEASES W O.R. PROCEDURE W CC,854 Average,26513.120106146267,Broadwater_Health_Center
855,INFECTIOUS & PARASITIC DISEASES W O.R. PROCEDURE W/O CC/MCC,855 Average,16985.0,Broadwater_Health_Center
856,POSTOPERATIVE OR POST-TRAUMATIC INFECTIONS W O.R. PROC W MCC,856 Average,39631.46330095827,Broadwater_Health_Center
857,POSTOPERATIVE OR POST-TRAUMATIC INFECTIONS W O.R. PROC W CC,857 Average,30538.104803793547,Broadwater_Health_Center
858,POSTOPERATIVE OR POST-TRAUMATIC INFECTIONS W O.R. PROC W/O CC/MCC,858 Average,52395.76656839749,Broadwater_Health_Center
862,POSTOPERATIVE & POST-TRAUMATIC INFECTIONS W MCC,862 Average,13711.327113668947,Broadwater_Health_Center
863,POSTOPERATIVE & POST-TRAUMATIC INFECTIONS W/O MCC,863 Average,12230.665273466238,Broadwater_Health_Center
864,FEVER AND INFLAMMATORY CONDITIONS,864 Average,10509.301506537393,Broadwater_Health_Center
865,VIRAL ILLNESS W MCC,865 Average,18397.09697976201,Broadwater_Health_Center
866,VIRAL ILLNESS W/O MCC,866 Average,9347.927169071225,Broadwater_Health_Center
867,OTHER INFECTIOUS & PARASITIC DISEASES DIAGNOSES W MCC,867 Average,17650.41029585791,Broadwater_Health_Center
870,SEPTICEMIA OR SEVERE SEPSIS W MV >96 HOURS,870 Average,102806.55797707627,Broadwater_Health_Center
871,SEPTICEMIA OR SEVERE SEPSIS W/O MV >96 HOURS W MCC,871 Average,22358.96168800614,Broadwater_Health_Center
872,SEPTICEMIA OR SEVERE SEPSIS W/O MV >96 HOURS W/O MCC,872 Average,11707.266841382383,Broadwater_Health_Center
876,O.R. PROCEDURE W PRINCIPAL DIAGNOSES OF MENTAL ILLNESS,876 Average,8591.549605389167,Broadwater_Health_Center
880,ACUTE ADJUSTMENT REACTION & PSYCHOSOCIAL DYSFUNCTION,880 Average,8434.828289764086,Broadwater_Health_Center
881,DEPRESSIVE NEUROSES,881 Average,6230.738933593192,Broadwater_Health_Center
882,NEUROSES EXCEPT DEPRESSIVE,882 Average,8179.871291990095,Broadwater_Health_Center
883,DISORDERS OF PERSONALITY & IMPULSE CONTROL,883 Average,6918.987696234002,Broadwater_Health_Center
884,ORGANIC DISTURBANCES & INTELLECTUAL DISABILITY,884 Average,18729.886978755803,Broadwater_Health_Center
885,PSYCHOSES,885 Average,8447.02840917574,Broadwater_Health_Center
886,BEHAVIORAL & DEVELOPMENTAL DISORDERS,886 Average,11238.687855685981,Broadwater_Health_Center
887,OTHER MENTAL DISORDER DIAGNOSES,887 Average,3113.0,Broadwater_Health_Center
894,"ALCOHOL/DRUG ABUSE OR DEPENDENCE, LEFT AMA",894 Average,7287.313655276466,Broadwater_Health_Center
896,ALCOHOL/DRUG ABUSE OR DEPENDENCE W/O REHABILITATION THERAPY W MCC,896 Average,17761.55495105007,Broadwater_Health_Center
897,ALCOHOL/DRUG ABUSE OR DEPENDENCE W/O REHABILITATION THERAPY W/O MCC,897 Average,9153.296110825331,Broadwater_Health_Center
901,WOUND DEBRIDEMENTS FOR INJURIES W MCC,901 Average,29853.176257198647,Broadwater_Health_Center
902,WOUND DEBRIDEMENTS FOR INJURIES W CC,902 Average,30712.34740670444,Broadwater_Health_Center
903,WOUND DEBRIDEMENTS FOR INJURIES W/O CC/MCC,903 Average,23896.88177936246,Broadwater_Health_Center
904,SKIN GRAFTS FOR INJURIES W CC/MCC,904 Average,49697.38952897449,Broadwater_Health_Center
905,SKIN GRAFTS FOR INJURIES W/O CC/MCC,905 Average,13604.763793892198,Broadwater_Health_Center
906,HAND PROCEDURES FOR INJURIES,906 Average,14960.685002662813,Broadwater_Health_Center
907,OTHER O.R. PROCEDURES FOR INJURIES W MCC,907 Average,48256.875494033484,Broadwater_Health_Center
908,OTHER O.R. PROCEDURES FOR INJURIES W CC,908 Average,32346.303294718095,Broadwater_Health_Center
909,OTHER O.R. PROCEDURES FOR INJURIES W/O CC/MCC,909 Average,22293.581049152333,Broadwater_Health_Center
913,TRAUMATIC INJURY W MCC,913 Average,29838.517758092476,Broadwater_Health_Center
914,TRAUMATIC INJURY W/O MCC,914 Average,15170.427707168492,Broadwater_Health_Center
915,ALLERGIC REACTIONS W MCC,915 Average,28464.352123313824,Broadwater_Health_Center
916,ALLERGIC REACTIONS W/O MCC,916 Average,14078.0,Broadwater_Health_Center
917,POISONING & TOXIC EFFECTS OF DRUGS W MCC,917 Average,21884.24679221231,Broadwater_Health_Center
918,POISONING & TOXIC EFFECTS OF DRUGS W/O MCC,918 Average,9537.27061072835,Broadwater_Health_Center
919,COMPLICATIONS OF TREATMENT W MCC,919 Average,14474.119176991417,Broadwater_Health_Center
920,COMPLICATIONS OF TREATMENT W CC,920 Average,14437.41322086284,Broadwater_Health_Center
921,COMPLICATIONS OF TREATMENT W/O CC/MCC,921 Average,6007.419005796292,Broadwater_Health_Center
922,"OTHER INJURY, POISONING & TOXIC EFFECT DIAG W MCC",922 Average,32547.059221994234,Broadwater_Health_Center
923,"OTHER INJURY, POISONING & TOXIC EFFECT DIAG W/O MCC",923 Average,3870.710529088942,Broadwater_Health_Center
934,FULL THICKNESS BURN W/O SKIN GRAFT OR INHAL INJ,934 Average,24216.35,Broadwater_Health_Center
935,NON-EXTENSIVE BURNS,935 Average,7498.263894680585,Broadwater_Health_Center
939,O.R. PROC W DIAGNOSES OF OTHER CONTACT W HEALTH SERVICES W MCC,939 Average,80435.19611519162,Broadwater_Health_Center
940,O.R. PROC W DIAGNOSES OF OTHER CONTACT W HEALTH SERVICES W CC,940 Average,24984.54240099815,Broadwater_Health_Center
941,O.R. PROC W DIAGNOSES OF OTHER CONTACT W HEALTH SERVICES W/O CC/MCC,941 Average,33364.8684,Broadwater_Health_Center
947,SIGNS & SYMPTOMS W MCC,947 Average,21277.11120718283,Broadwater_Health_Center
948,SIGNS & SYMPTOMS W/O MCC,948 Average,12175.883468847955,Broadwater_Health_Center
950,AFTERCARE W/O CC/MCC,950 Average,2002.4293245955025,Broadwater_Health_Center
951,OTHER FACTORS INFLUENCING HEALTH STATUS,951 Average,9836.483849802806,Broadwater_Health_Center
956,"LIMB REATTACHMENT, HIP & FEMUR PROC FOR MULTIPLE SIGNIFICANT TRAUMA",956 Average,94759.69101871013,Broadwater_Health_Center
957,OTHER O.R. PROCEDURES FOR MULTIPLE SIGNIFICANT TRAUMA W MCC,957 Average,140128.4782613931,Broadwater_Health_Center
958,OTHER O.R. PROCEDURES FOR MULTIPLE SIGNIFICANT TRAUMA W CC,958 Average,71662.02772036614,Broadwater_Health_Center
959,OTHER O.R. PROCEDURES FOR MULTIPLE SIGNIFICANT TRAUMA W/O CC/MCC,959 Average,59030.6703118755,Broadwater_Health_Center
963,OTHER MULTIPLE SIGNIFICANT TRAUMA W MCC,963 Average,44691.6109985659,Broadwater_Health_Center
964,OTHER MULTIPLE SIGNIFICANT TRAUMA W CC,964 Average,31166.30884706312,Broadwater_Health_Center
965,OTHER MULTIPLE SIGNIFICANT TRAUMA W/O CC/MCC,965 Average,24284.819096486677,Broadwater_Health_Center
969,HIV W EXTENSIVE O.R. PROCEDURE W MCC,969 Average,257397.69,Broadwater_Health_Center
975,HIV W MAJOR RELATED CONDITION W CC,975 Average,10503.435913592286,Broadwater_Health_Center
981,EXTENSIVE O.R. PROCEDURE UNRELATED TO PRINCIPAL DIAGNOSIS W MCC,981 Average,55915.32302137509,Broadwater_Health_Center
982,EXTENSIVE O.R. PROCEDURE UNRELATED TO PRINCIPAL DIAGNOSIS W CC,982 Average,26823.284747919617,Broadwater_Health_Center
983,EXTENSIVE O.R. PROCEDURE UNRELATED TO PRINCIPAL DIAGNOSIS W/O CC/MCC,983 Average,21470.369016578064,Broadwater_Health_Center
987,NON-EXTENSIVE O.R. PROC UNRELATED TO PRINCIPAL DIAGNOSIS W MCC,987 Average,35274.0246527575,Broadwater_Health_Center
988,NON-EXTENSIVE O.R. PROC UNRELATED TO PRINCIPAL DIAGNOSIS W CC,988 Average,22227.01790431071,Broadwater_Health_Center
989,NON-EXTENSIVE O.R. PROC UNRELATED TO PRINCIPAL DIAGNOSIS W/O CC/MCC,989 Average,18889.525252557756,Broadwater_Health_Center
998,PRINCIPAL DIAGNOSIS INVALID AS DISCHARGE DIAGNOSIS,998 Average,12827.535457939663,Broadwater_Health_Center
999,UNGROUPABLE,999 Average,27479.0,Broadwater_Health_Center
