Procedure Code and Discription,#chg, chg , Cost  ,hospital
"S0164: INJECTION, PANTOPRAZOLE SODIUM, 40 MG",1.0, $37.65 , $37.65 ,Praire_Community_Hospital
"Q0162: ONDANSETRON 1 MG, ORAL, FDA APPROVED PRESCRIPTION ANTI-EMETIC, FOR USE AS A COMPLETE THERAPEUTIC SUBSTITUTE FOR AN IV ANTI-EMETIC AT THE TIME OF CHEMOTHERAPY TREATMENT, NOT TO EXCEED A 48 HOUR DOSAGE REGIMEN",1.0, $5.76 , $5.76 ,Praire_Community_Hospital
P9612: CATHETERIZATION FOR SPECIMEN COLLECTION,1.0, $3.00 , $3.00 ,Praire_Community_Hospital
"J7620: ALBUTEROL, UP TO 2.5 MG AND IPRATROPIUM BROMIDE, UP TO 0.5 MG, FDA-APPROVED FINAL PRODUCT, NON-COMPOUNDED, ADMINISTERED THROUGH DME",1.0, $12.25 , $12.25 ,Praire_Community_Hospital
"J7120: RINGERS LACTATE INFUSION, UP TO 1000 CC",1.0, $13.54 , $13.54 ,Praire_Community_Hospital
"J7030: INFUSION, NORMAL SALINE SOLUTION , 1000 CC",2.0, $26.86 , $13.43 ,Praire_Community_Hospital
J3490: UNCLASSIFIED DRUGS,2.0, $96.04 , $48.02 ,Praire_Community_Hospital
"J3480: INJECTION, POTASSIUM CHLORIDE, PER 2 MEQ",1.0, $63.70 , $63.70 ,Praire_Community_Hospital
J3301: KENALOG - 40 [##],4.0, $395.20 , $98.80 ,Praire_Community_Hospital
"J3010: INJECTION, FENTANYL CITRATE, 0.1 MG",12.0, $137.53 , $11.46 ,Praire_Community_Hospital
"J2930: INJECTION, METHYLPREDNISOLONE SODIUM SUCCINATE, UP TO 125 MG",8.0, $479.09 , $59.89 ,Praire_Community_Hospital
"J2550: INJECTION, PROMETHAZINE HCL, UP TO 50 MG",3.0, $108.70 , $36.23 ,Praire_Community_Hospital
"J2274: INJECTION, MORPHINE SULFATE, PRESERVATIVE-FREE FOR EPIDURAL OR INTRATHECAL USE, 10 MG",2.0, $42.60 , $21.30 ,Praire_Community_Hospital
"J2270: INJECTION, MORPHINE SULFATE, UP TO 10 MG",2.0, $120.88 , $60.44 ,Praire_Community_Hospital
"J2175: INJECTION, MEPERIDINE HYDROCHLORIDE, PER 100 MG",1.0, $58.30 , $58.30 ,Praire_Community_Hospital
"J2060: INJECTION, LORAZEPAM, 2 MG",3.0, $21.83 , $7.28 ,Praire_Community_Hospital
"J1885: INJECTION, KETOROLAC TROMETHAMINE, PER 15 MG",7.0, $163.89 , $23.41 ,Praire_Community_Hospital
"J1815: INJECTION, INSULIN, PER 5 UNITS",5.0, $113.70 , $22.74 ,Praire_Community_Hospital
"J1610: INJECTION, GLUCAGON HYDROCHLORIDE, PER 1 MG",1.0, $469.74 , $469.74 ,Praire_Community_Hospital
"J1200: INJECTION, DIPHENHYDRAMINE HCL, UP TO 50 MG",5.0, $169.00 , $33.80 ,Praire_Community_Hospital
"J1094: INJECTION, DEXAMETHASONE ACETATE, 1 MG",1.0, $78.10 , $78.10 ,Praire_Community_Hospital
J0696: ROCEPHIN 250 MGIM  [#],6.0, $29.04 , $4.84 ,Praire_Community_Hospital
"J0610: INJECTION, CALCIUM GLUCONATE, PER 10 ML",1.0, $20.00 , $20.00 ,Praire_Community_Hospital
"J0461: INJECTION, ATROPINE SULFATE, 0.01 MG",2.0, $390.00 , $195.00 ,Praire_Community_Hospital
"J0171: INJECTION, ADRENALIN, EPINEPHRINE, 0.1 MG",7.0," $4,144.00 ", $592.00 ,Praire_Community_Hospital
G2025: DISTANT SITE TELEHEALTH SERVICES (FURNISHED BY AUDIO ONLY),4.0, $428.48 , $107.12 ,Praire_Community_Hospital
G0511: CARE COORDINATOR,83.0," $5,353.50 ", $64.50 ,Praire_Community_Hospital
"G0472: HEPATITIS C ANTIBODY SCREENING, FOR INDIVIDUAL AT HIGH RISK AND OTHER COVERED INDICATION(S)",1.0, $78.92 , $78.92 ,Praire_Community_Hospital
G0439: MEDICARE ANNUAL VISIT - 2ND ...,7.0, $822.64 , $117.52 ,Praire_Community_Hospital
G0438: MEDICARE 1ST ANNUAL EXAM,1.0, $117.52 , $117.52 ,Praire_Community_Hospital
G0390: TRAUMA RESPONSE TEAM ASSOCIATED WITH HOSPITAL CRITICAL CARE SERVICE,2.0," $3,850.58 "," $1,925.29 ",Praire_Community_Hospital
"G0378: HOSPITAL OBSERVATION SERVICE, PER HOUR",2.0," $9,471.45 "," $4,735.73 ",Praire_Community_Hospital
G0008: ADMINISTRATION OF FLU VACCINE,5.0, $106.50 , $21.30 ,Praire_Community_Hospital
C9399: UNCLASSIFIED DRUGS OR BIOLOGICALS,1.0, $10.23 , $10.23 ,Praire_Community_Hospital
A9150: NON-PRESCRIPTION DRUGS,3.0, $3.60 , $1.20 ,Praire_Community_Hospital
"A7003: ADMINISTRATION SET, WITH SMALL VOLUME NONFILTERED PNEUMATIC NEBULIZER, DISPOSABLE",1.0, $15.93 , $15.93 ,Praire_Community_Hospital
"A6209: FOAM DRESSING, WOUND COVER, STERILE, PAD SIZE 16 SQ. IN. OR LESS, WITHOUT ADHESIVE BORDER, EACH DRESSING",31.0, $391.60 , $12.63 ,Praire_Community_Hospital
"A4216: STERILE WATER, SALINE AND/OR DEXTROSE, DILUENT/FLUSH, 10 ML",1.0, $12.40 , $12.40 ,Praire_Community_Hospital
99455: WORK RELATED OR MEDICAL DISABILITY EVALUATION,45.0," $9,225.00 ", $205.00 ,Praire_Community_Hospital
"99442: TELEPHONE EM SERVICE PROVIDED BY A PHYSICIAN TO AN ESTABLISHED PATIENT, PARENT, OR GUARDIAN NOT ORIGINATING FROM A RELATED EM SERVICE PROVIDED WITH THE PREVIOUS 7 DAYS NOR LEADING TO AN EM SERVICE OR PROCEDURE WITHIN THE NEXT 24 HOURS OR SOONEST AVAILABLE APPOINTMENT. 11-20 MINUTES",2.0, $60.88 , $30.44 ,Praire_Community_Hospital
"99441: TELEPHONE EM SERVICE PROVIDED BY A PHYSICIAN TO AN ESTABLISHED PATIENT, PARENT, OR GUARDIAN NOT ORIGINATING FROM A RELATED EM SERVICE PROVIDED WITH THE PREVIOUS 7 DAYS NOR LEADING TO AN EM SERVICE OR PROCEDURE WITHIN THE NEXT 24 HOURS OR SOONEST AVAILABLE APPOINTMENT. 5-10 MINUTES",13.0, $192.01 , $14.77 ,Praire_Community_Hospital
"99422: E-VISITS, ONLINE DIGITAL EVALUATION AND MANAGEMENT SERVICE, FOR AN ESTABLISHED PATIENT, FOR UP TO 7 DAYS, CUMULATIVE TIME DURING THE 7 DAYS; 11-20 MINUTES",1.0, $30.44 , $30.44 ,Praire_Community_Hospital
"99421: E-VISIT, ONLINE DIGITAL EVALUATION AND MANAGEMENT SERVICE, FOR AN ESTABLISHED PATIENT, FOR UP TO 7 DAYS, CUMULATIVE TIME DURING THE 7 DAYS; 5-10 MINUTES",8.0, $118.16 , $14.77 ,Praire_Community_Hospital
99397: PREVENTITIVE MEDICINE 65 YRS >,2.0, $388.00 , $194.00 ,Praire_Community_Hospital
99396: PREVENTIVE MEDICINE 40-64 YRS,6.0," $1,164.00 ", $194.00 ,Praire_Community_Hospital
99395: PREVENTIVE MEDICINE 18-39 YEAR,1.0, $194.00 , $194.00 ,Praire_Community_Hospital
99394: PREVENTIVE MEDICINE 12-17 YEARS OLD,1.0, $194.00 , $194.00 ,Praire_Community_Hospital
99393: PREVENTIVE MEDICINE 5-11 YRS,3.0, $582.00 , $194.00 ,Praire_Community_Hospital
99392: PREVENTATIVE MEDICINE 1-4 YRS,3.0, $582.00 , $194.00 ,Praire_Community_Hospital
99385: NEW PATIENT PREVENTATIVE EXAMINATION AGES 18 -39,1.0, $232.00 , $232.00 ,Praire_Community_Hospital
99382: NEW PATIENT PRVNTV 1-4 YRS,1.0, $232.00 , $232.00 ,Praire_Community_Hospital
99309: LONG TERM CARE VISIT - MEDIUM COMPLEX,102.0," $11,930.00 ", $117.00 ,Praire_Community_Hospital
99292: EMERGENCY ROOM CC BY 1/2HR[##],1.0, $876.75 , $292.25 ,Praire_Community_Hospital
99291: EMERGENCY ROOM CC  FIRST HOUR,2.0," $1,284.44 ", $642.22 ,Praire_Community_Hospital
99285: EMERGENCY ROOM COMPLEX,23.0," $11,758.90 ", $511.26 ,Praire_Community_Hospital
99284: EMERGENCY ROOM DETAILED,36.0," $22,891.93 ", $635.89 ,Praire_Community_Hospital
99283: EMERGENCY ROOM EXTENDED,43.0," $13,486.83 ", $313.65 ,Praire_Community_Hospital
99282: EMERGENCY ROOM LOW,66.0," $19,821.65 ", $300.33 ,Praire_Community_Hospital
"99281: EMERGENCY DEPARTMENT VISIT FOR THE EVALUATION AND MANAGEMENT OF A PATIENT, WHICH REQUIRES THESE 3 KEY COMPONENTS: A PROBLEM FOCUSED HISTORY; A PROBLEM FOCUSED EXAMINATION; AND STRAIGHTFORWARD MEDICAL DECISION MAKING. COUNSELING AND/OR COORDINATION OF CARE WITH OTHER PHYSICIANS, OTHER QUALIFIED HEALTH CARE PROFESSIONALS, OR AGENCIES ARE PROVIDED CONSISTENT WITH THE NATURE OF THE PROBLEM(S) AND THE PATIENT'S AND/OR FAMILY'S NEEDS. USUALLY, THE PRESENTING PROBLEM(S) ARE SELF LIMITED OR MINOR.",9.0," $1,803.78 ", $200.42 ,Praire_Community_Hospital
99238: HOSPITAL DISCHARGE  DAY MANAGEMENT; 30 MINUTES OR LESS,1.0, $143.14 , $143.14 ,Praire_Community_Hospital
"99235: OBSERVATION OR INPATIENT HOSPITAL CARE, ADMISSION AND DISCHARGE ON SAME DAY; HIGH COMPLEXITY",1.0, $376.82 , $376.82 ,Praire_Community_Hospital
99214: OFFICE CALL MODERATE COMPLEXIT,21.0," $3,596.89 ", $165.00 ,Praire_Community_Hospital
99213: OFFICE CALL DETAILED,410.0," $47,540.71 ", $115.00 ,Praire_Community_Hospital
99212: OFFICE CALL EXTENDED,54.0," $4,536.23 ", $75.00 ,Praire_Community_Hospital
99211: OFFICE CALL MINIMAL,89.0," $7,171.26 ", $81.42 ,Praire_Community_Hospital
99203: NEW PATIENT VISIT DETAILED COMPLEXITY,15.0," $2,565.00 ", $171.00 ,Praire_Community_Hospital
99202: NEW PATIENT VISIT MEDIUM COMPLEXITY,2.0, $246.00 , $123.00 ,Praire_Community_Hospital
99001: HANDLING AND/OR CONVEYANCE OF SPECIMEN FOR TRANSFER FROM THE PATIENT IN OTHER THAN AN OFFICE TO A LABORATORY (DISTANCE MAY BE INDICATED),2.0, $73.54 , $36.77 ,Praire_Community_Hospital
"97750: PHYSICAL PERFORMANCE TEST OR MEASUREMENT (EG, MUSCULOSKELETAL, FUNCTIONAL CAPACITY), WITH WRITTEN REPORT, EACH 15 MINUTES",2.0, $150.00 , $75.00 ,Praire_Community_Hospital
"97530: THERAPEUTIC ACTIVITIES, DIRECT (ONE-ON-ONE) PATIENT CONTACT (USE OF DYNAMIC ACTIVITIES TO IMPROVE FUNCTIONAL PERFORMANCE), EACH 15 MINUTES",4.0, $296.00 , $74.00 ,Praire_Community_Hospital
"97162: PHYSICAL THERAPY EVALUATION: MODERATE COMPLEXITY, REQUIRING THESE COMPONENTS: A HISTORY OF PRESENT PROBLEM WITH 1-2 PERSONAL FACTORS AND/OR COMORBIDITIES THAT IMPACT THE PLAN OF CARE; AN EXAMINATION OF BODY SYSTEMS USING STANDARDIZED TESTS AND MEASURES IN ADDRESSING A TOTAL OF 3 OR MORE ELEMENTS FROM ANY OF THE FOLLOWING: BODY STRUCTURES AND FUNCTIONS, ACTIVITY LIMITATIONS, AND/OR PARTICIPATION RESTRICTIONS; AN EVOLVING CLINICAL PRESENTATION WITH CHANGING CHARACTERISTICS; AND CLINICAL DECISION M",3.0, $779.43 , $259.81 ,Praire_Community_Hospital
"97161: PHYSICAL THERAPY EVALUATION: LOW COMPLEXITY, REQUIRING THESE COMPONENTS: A HISTORY WITH NO PERSONAL FACTORS AND/OR COMORBIDITIES THAT IMPACT THE PLAN OF CARE; AN EXAMINATION OF BODY SYSTEM(S) USING STANDARDIZED TESTS AND MEASURES ADDRESSING 1-2 ELEMENTS FROM ANY OF THE FOLLOWING: BODY STRUCTURES AND FUNCTIONS, ACTIVITY LIMITATIONS, AND/OR PARTICIPATION RESTRICTIONS; A CLINICAL PRESENTATION WITH STABLE AND/OR UNCOMPLICATED CHARACTERISTICS; AND CLINICAL DECISION MAKING OF LOW COMPLEXITY USING STAN",14.0," $3,200.54 ", $228.61 ,Praire_Community_Hospital
"97140: MANUAL THERAPY TECHNIQUES (EG, MOBILIZATION/ MANIPULATION, MANUAL LYMPHATIC DRAINAGE, MANUAL TRACTION), 1 OR MORE REGIONS, EACH 15 MINUTES",39.0," $3,309.28 ", $76.96 ,Praire_Community_Hospital
"97116: THERAPEUTIC PROCEDURE, 1 OR MORE AREAS, EACH 15 MINUTES; GAIT TRAINING (INCLUDES STAIR CLIMBING)",1.0, $72.80 , $72.80 ,Praire_Community_Hospital
"97110: THERAPEUTIC PROCEDURE, 1 OR MORE AREAS, EACH 15 MINUTES; THERAPEUTIC EXERCISES TO DEVELOP STRENGTH AND ENDURANCE, RANGE OF MOTION AND FLEXIBILITY",89.0," $12,390.56 ", $76.96 ,Praire_Community_Hospital
97022: APPLICATION OF A MODALITY TO 1 OR MORE AREAS; WHIRLPOOL,1.0, $56.00 , $56.00 ,Praire_Community_Hospital
97014: APPLICATION OF A MODALITY TO 1 OR MORE AREAS; ELECTRICAL STIMULATION (UNATTENDED),4.0, $308.00 , $77.00 ,Praire_Community_Hospital
"96375: THERAPEUTIC, PROPHYLACTIC, OR DIAGNOSTIC INJECTION (SPECIFY SUBSTANCE OR DRUG); EACH ADDITIONAL SEQUENTIAL INTRAVENOUS PUSH OF A NEW SUBSTANCE/DRUG (LIST SEPARATELY IN ADDITION TO CODE FOR PRIMARY PROCEDURE)",9.0, $600.48 , $37.53 ,Praire_Community_Hospital
"96374: THERAPEUTIC, PROPHYLACTIC, OR DIAGNOSTIC INJECTION (SPECIFY SUBSTANCE OR DRUG); INTRAVENOUS PUSH, SINGLE OR INITIAL SUBSTANCE/DRUG",17.0, $898.79 , $52.87 ,Praire_Community_Hospital
96372: IM INJECTION OF ANTIBIOTIC,33.0, $925.40 , $26.44 ,Praire_Community_Hospital
"96366: INTRAVENOUS INFUSION, FOR THERAPY, PROPHYLAXIS, OR DIAGNOSIS (SPECIFY SUBSTANCE OR DRUG); EACH ADDITIONAL HOUR (LIST SEPARATELY IN ADDITION TO CODE FOR PRIMARY PROCEDURE)",5.0, $351.35 , $70.27 ,Praire_Community_Hospital
"96365: INTRAVENOUS INFUSION, FOR THERAPY, PROPHYLAXIS, OR DIAGNOSIS (SPECIFY SUBSTANCE OR DRUG); INITIAL, UP TO 1 HOUR",20.0," $5,571.60 ", $278.58 ,Praire_Community_Hospital
"96361: INTRAVENOUS INFUSION, HYDRATION; EACH ADDITIONAL HOUR (LIST SEPARATELY IN ADDITION TO CODE FOR PRIMARY PROCEDURE)",2.0, $140.54 , $70.27 ,Praire_Community_Hospital
"96360: INTRAVENOUS INFUSION, HYDRATION; INITIAL, 31 MINUTES TO 1 HOUR",4.0," $1,114.32 ", $278.58 ,Praire_Community_Hospital
96127: INTEGRATED BEHAVIORAL HEALTH SCREENING (BRIEF EMOTIONAL/BEHAVIORAL ASSESSMENT,3.0, $6.76 , $6.76 ,Praire_Community_Hospital
95117: ALLERGEN IMMUNOTHERAPY 2 OR MORE INJECTIONSALLE,3.0, $62.40 , $20.80 ,Praire_Community_Hospital
94640: PRESSURIZED OR NONPRESSURIZED INHALATION TREATMENT FOR ACUTE AIRWAY OBSTRUCTION FOR THERAPEUTIC PURPOSES AND/OR FOR DIAGNOSTIC PURPOSES,3.0, $65.72 , $50.11 ,Praire_Community_Hospital
"93005: ELECTROCARDIOGRAM, ROUTINE ECG WITH AT LEAST 12 LEADS; TRACING ONLY, WITHOUT INTERPRETATION AND REPORT",40.0," $8,009.09 ", $200.42 ,Praire_Community_Hospital
90839: PSYCHOTHERAPY FOR CRISIS,1.0, $141.86 , $141.86 ,Praire_Community_Hospital
90834: INDIVIDUAL PSYCHOTHERAPY 38 - 52 MINUTES,37.0," $3,364.98 ", $90.95 ,Praire_Community_Hospital
90832: BRIEF INDIVIDUAL PSYCHOTHERAPY 16 - 30 MINUTES,11.0, $745.36 , $67.76 ,Praire_Community_Hospital
"90756: INFLUENZA VIRUS VACCINE, QUADRIVALENT (CCIIV4), DERIVED FROM CELL CULTURES, SUBUNIT, ANTIBIOTIC FREE, 0.5 ML DOSAGE, FOR INTRAMUSCULAR USE",5.0, $200.34 , $41.34 ,Praire_Community_Hospital
90732: PNEUMOVAX 23 PREFILLED SYRINGE,1.0, $182.76 , $182.76 ,Praire_Community_Hospital
90715: BOOSTRIX VACCINE 0.5 MG,6.0, $966.15 , $210.60 ,Praire_Community_Hospital
"90686: FLUZONE QUADRIVALENT, INFLUENZA VACCINE, NO PRESERVATIVES",8.0, $295.33 , $34.42 ,Praire_Community_Hospital
"90656: INFLUENZA VIRUS VACCINE, TRIVALENT (IIV3), SPLIT VIRUS IM",6.0, $206.76 , $34.46 ,Praire_Community_Hospital
"90471: IMMUNIZATION ADM (IM,SBQ,ID) 1 VACCINE/TOXOID",2.0, $38.34 , $19.17 ,Praire_Community_Hospital
90460: IMMUNIZATION ADM 0-18 YRS AGE ANY ROUTE W/ COUNSELING BY PHYSICIAN,5.0, $85.21 , $21.30 ,Praire_Community_Hospital
"88313: SPECIAL STAIN INCLUDING INTERPRETATION AND REPORT; GROUP II, ALL OTHER (EG, IRON, TRICHROME), EXCEPT STAIN FOR MICROORGANISMS, STAINS FOR ENZYME CONSTITUENTS, OR IMMUNOCYTOCHEMISTRY AND IMMUNOHISTOCHEMISTRY",1.0, $116.93 , $116.93 ,Praire_Community_Hospital
"88312: SPECIAL STAIN INCLUDING INTERPRETATION AND REPORT; GROUP I FOR MICROORGANISMS (EG, ACID FAST, METHENAMINE SILVER)",2.0, $297.76 , $148.88 ,Praire_Community_Hospital
"88305: LEVEL IV - SURGICAL PATHOLOGY, GROSS AND MICROSCOPIC EXAMINATION ABORTION - SPONTANEOUS/MISSED ARTERY, BIOPSY BONE MARROW, BIOPSY BONE EXOSTOSIS BRAIN/MENINGES, OTHER THAN FOR TUMOR RESECTION BREAST, BIOPSY, NOT REQUIRING MICROSCOPIC EVALUATION OF SURGICAL MARGINS BREAST, REDUCTION MAMMOPLASTY BRONCHUS, BIOPSY CELL BLOCK, ANY SOURCE CERVIX, BIOPSY COLON, BIOPSY DUODENUM, BIOPSY ENDOCERVIX, CURETTINGS/BIOPSY ENDOMETRIUM, CURETTINGS/BIOPSY ESOPHAGUS, BIOPSY EXTREMITY, AMPUTATION, TRAUMATIC FALLOPI",6.0," $1,080.99 ", $183.70 ,Praire_Community_Hospital
"87641: INFECTIOUS AGENT DETECTION BY NUCLEIC ACID (DNA OR RNA); STAPHYLOCOCCUS AUREUS, METHICILLIN RESISTANT, AMPLIFIED PROBE TECHNIQUE",1.0, $243.33 , $243.33 ,Praire_Community_Hospital
"87640: INFECTIOUS AGENT DETECTION BY NUCLEIC ACID (DNA OR RNA); STAPHYLOCOCCUS AUREUS, AMPLIFIED PROBE TECHNIQUE",1.0, $243.33 , $243.33 ,Praire_Community_Hospital
"87591: INFECTIOUS AGENT DETECTION BY NUCLEIC ACID (DNA OR RNA); NEISSERIA GONORRHOEAE, AMPLIFIED PROBE TECHNIQUE",1.0, $56.37 , $56.37 ,Praire_Community_Hospital
"87493: INFECTIOUS AGENT DETECTION BY NUCLEIC ACID (DNA OR RNA); CLOSTRIDIUM DIFFICILE, TOXIN GENE(S), AMPLIFIED PROBE TECHNIQUE",1.0, $105.74 , $105.74 ,Praire_Community_Hospital
"87492: INFECTIOUS AGENT DETECTION BY NUCLEIC ACID (DNA OR RNA); CHLAMYDIA TRACHOMATIS, QUANTIFICATION",1.0, $55.07 , $55.07 ,Praire_Community_Hospital
"87491: INFECTIOUS AGENT DETECTION BY NUCLEIC ACID (DNA OR RNA); CHLAMYDIA TRACHOMATIS, AMPLIFIED PROBE TECHNIQUE",1.0, $68.85 , $68.85 ,Praire_Community_Hospital
"87449: INFECTIOUS AGENT ANTIGEN DETECTION BY IMMUNOASSAY TECHNIQUE, (EG, ENZYME IMMUNOASSAY [EIA], ENZYME-LINKED IMMUNOSORBENT ASSAY [ELISA], IMMUNOCHEMILUMINOMETRIC ASSAY [IMCA]), QUALITATIVE OR SEMIQUANTITATIVE; MULTIPLE-STEP METHOD, NOT OTHERWISE SPECIFIED, EACH ORGANISM",2.0, $277.64 , $141.54 ,Praire_Community_Hospital
"87324: INFECTIOUS AGENT ANTIGEN DETECTION BY IMMUNOASSAY TECHNIQUE, (EG, ENZYME IMMUNOASSAY [EIA], ENZYME-LINKED IMMUNOSORBENT ASSAY [ELISA], IMMUNOCHEMILUMINOMETRIC ASSAY [IMCA]) QUALITATIVE OR SEMIQUANTITATIVE, MULTIPLE-STEP METHOD; CLOSTRIDIUM DIFFICILE TOXIN(S)",2.0, $134.91 , $68.78 ,Praire_Community_Hospital
87272: INFECTIOUS AGENT ANTIGEN DETECTION BY IMMUNOFLUORESCENT TECHNIQUE; CRYPTOSPORIDIUM,2.0, $275.80 , $137.90 ,Praire_Community_Hospital
87269: INFECTIOUS AGENT ANTIGEN DETECTION BY IMMUNOFLUORESCENT TECHNIQUE; GIARDIA,2.0, $83.66 , $41.83 ,Praire_Community_Hospital
"87210: SMEAR, PRIMARY SOURCE WITH INTERPRETATION; WET MOUNT FOR INFECTIOUS AGENTS (EG, SALINE, INDIA INK, KOH PREPS)",1.0, $27.71 , $27.71 ,Praire_Community_Hospital
"87205: SMEAR, PRIMARY SOURCE WITH INTERPRETATION; GRAM OR GIEMSA STAIN FOR BACTERIA, FUNGI, OR CELL TYPES",3.0, $123.88 , $41.83 ,Praire_Community_Hospital
"87186: SUSCEPTIBILITY STUDIES, ANTIMICROBIAL AGENT; MICRODILUTION OR AGAR DILUTION (MINIMUM INHIBITORY CONCENTRATION [MIC] OR BREAKPOINT), EACH MULTI-ANTIMICROBIAL, PER PLATE",10.0," $1,380.50 ", $125.50 ,Praire_Community_Hospital
"87177: OVA AND PARASITES, DIRECT SMEARS, CONCENTRATION AND IDENTIFICATION",1.0, $84.96 , $84.96 ,Praire_Community_Hospital
"87088: CULTURE, BACTERIAL; WITH ISOLATION AND PRESUMPTIVE IDENTIFICATION OF EACH ISOLATE, URINE",7.0, $314.16 , $39.27 ,Praire_Community_Hospital
"87086: CULTURE, BACTERIAL; QUANTITATIVE COLONY COUNT, URINE",12.0," $1,476.02 ", $113.54 ,Praire_Community_Hospital
"87077: CULTURE, BACTERIAL; AEROBIC ISOLATE, ADDITIONAL METHODS REQUIRED FOR DEFINITIVE IDENTIFICATION, EACH ISOLATE",11.0," $1,075.68 ", $89.64 ,Praire_Community_Hospital
"87075: CULTURE, BACTERIAL; ANY SOURCE, EXCEPT BLOOD, ANAEROBIC WITH ISOLATION AND PRESUMPTIVE IDENTIFICATION OF ISOLATES",5.0, $696.10 , $140.30 ,Praire_Community_Hospital
"87070: CULTURE, BACTERIAL; ANY OTHER SOURCE EXCEPT URINE, BLOOD OR STOOL, AEROBIC, WITH ISOLATION AND PRESUMPTIVE IDENTIFICATION OF ISOLATES",4.0, $328.20 , $83.66 ,Praire_Community_Hospital
"87046: CULTURE, BACTERIAL; STOOL, AEROBIC, ADDITIONAL PATHOGENS, ISOLATION AND PRESUMPTIVE IDENTIFICATION OF ISOLATES, EACH PLATE",3.0, $113.55 , $41.83 ,Praire_Community_Hospital
"87045: CULTURE, BACTERIAL; STOOL, AEROBIC, WITH ISOLATION AND PRELIMINARY EXAMINATION (EG, KIA, LIA), SALMONELLA AND SHIGELLA SPECIES",2.0, $132.78 , $66.39 ,Praire_Community_Hospital
"87040: CULTURE, BACTERIAL; BLOOD, AEROBIC, WITH ISOLATION AND PRESUMPTIVE IDENTIFICATION OF ISOLATES (INCLUDES ANAEROBIC CULTURE, IF APPROPRIATE)",2.0, $298.12 , $149.06 ,Praire_Community_Hospital
86803: HEPATITIS C ANTIBODY,6.0, $470.48 , $78.92 ,Praire_Community_Hospital
86706: HEPATITIS B SURFACE ANTIBODY (HBSAB),1.0, $75.88 , $78.92 ,Praire_Community_Hospital
"86703: ANTIBODY; HIV-1 AND HIV-2, SINGLE RESULT",1.0, $89.13 , $92.70 ,Praire_Community_Hospital
86677: ANTIBODY; HELICOBACTER PYLORI,2.0, $214.54 , $107.27 ,Praire_Community_Hospital
"86480: TUBERCULOSIS TEST, CELL MEDIATED IMMUNITY ANTIGEN RESPONSE MEASUREMENT; GAMMA INTERFERON",6.0," $2,872.50 ", $478.75 ,Praire_Community_Hospital
"86304: IMMUNOASSAY FOR TUMOR ANTIGEN, QUANTITATIVE; CA 125",1.0, $199.17 , $199.17 ,Praire_Community_Hospital
86141: C-REACTIVE PROTEIN; HIGH SENSITIVITY (HSCRP),1.0, $127.60 , $127.60 ,Praire_Community_Hospital
86140: C-REACTIVE PROTEIN,3.0, $307.91 , $103.97 ,Praire_Community_Hospital
86038: ANTINUCLEAR ANTIBODIES (ANA),1.0, $108.98 , $108.98 ,Praire_Community_Hospital
"85730: THROMBOPLASTIN TIME, PARTIAL (PTT); PLASMA OR WHOLE BLOOD",1.0, $107.72 , $107.72 ,Praire_Community_Hospital
"85651: SEDIMENTATION RATE, ERYTHROCYTE; NON-AUTOMATED",3.0, $244.83 , $82.67 ,Praire_Community_Hospital
85610: PROTHROMBIN TIME,87.0," $4,297.64 ", $49.42 ,Praire_Community_Hospital
"85379: FIBRIN DEGRADATION PRODUCTS, D-DIMER; QUANTITATIVE",17.0," $1,112.48 ", $65.44 ,Praire_Community_Hospital
"85027: BLOOD COUNT; COMPLETE (CBC), AUTOMATED (HGB, HCT, RBC, WBC AND PLATELET COUNT)",1.0, $60.08 , $60.08 ,Praire_Community_Hospital
"85025: BLOOD COUNT; COMPLETE (CBC), AUTOMATED (HGB, HCT, RBC, WBC AND PLATELET COUNT) AND AUTOMATED DIFFERENTIAL WBC COUNT",121.0," $12,268.86 ", $101.46 ,Praire_Community_Hospital
"84703: HCG, GONADOTROPIN, CHORIONIC; QUALITATIVE",1.0, $50.56 , $50.56 ,Praire_Community_Hospital
84550: URIC ACID; BLOOD,6.0, $556.20 , $92.70 ,Praire_Community_Hospital
84520: UREA NITROGEN; QUANTITATIVE,2.0, $102.72 , $51.36 ,Praire_Community_Hospital
"84484: TROPONIN, QUANTITATIVE",24.0," $3,126.48 ", $130.27 ,Praire_Community_Hospital
84450: TRANSFERASE; ASPARTATE AMINO (AST) (SGOT),1.0, $41.34 , $41.34 ,Praire_Community_Hospital
84443: THYROID STIMULATING HORMONE (TSH),53.0," $5,241.07 ", $98.89 ,Praire_Community_Hospital
84439: THYROXINE; FREE,2.0, $197.92 , $98.96 ,Praire_Community_Hospital
"84165: PROTEIN; ELECTROPHORETIC FRACTIONATION AND QUANTITATION, SERUM",1.0, $64.92 , $64.92 ,Praire_Community_Hospital
"84155: PROTEIN, TOTAL, EXCEPT BY REFRACTOMETRY; SERUM, PLASMA OR WHOLE BLOOD",1.0, $81.42 , $81.42 ,Praire_Community_Hospital
84153: PROSTATE SPECIFIC ANTIGEN (PSA); TOTAL,10.0," $1,206.40 ", $120.64 ,Praire_Community_Hospital
84100: PHOSPHORUS INORGANIC (PHOSPHATE),1.0, $111.48 , $111.48 ,Praire_Community_Hospital
83970: PARATHORMONE (PARATHYROID HORMONE),1.0, $181.64 , $181.64 ,Praire_Community_Hospital
83880: NATRIURETIC PEPTIDE,6.0," $1,149.90 ", $191.65 ,Praire_Community_Hospital
83735: MAGNESIUM,1.0, $112.74 , $112.74 ,Praire_Community_Hospital
"83721: LIPOPROTEIN, DIRECT MEASUREMENT; LDL CHOLESTEROL",3.0, $306.31 , $103.43 ,Praire_Community_Hospital
83605: LACTATE (LACTIC ACID),1.0, $82.49 , $82.49 ,Praire_Community_Hospital
83550: IRON BINDING CAPACITY,5.0, $597.60 , $119.52 ,Praire_Community_Hospital
83540: IRON,5.0, $369.50 , $73.90 ,Praire_Community_Hospital
83036: HEMOGLOBIN A1C,41.0," $3,078.67 ", $75.16 ,Praire_Community_Hospital
"82962: GLUCOSE, BLOOD BY GLUCOSE MONITORING DEVICE(S) CLEARED BY THE FDA SPECIFICALLY FOR HOME USE",7.0, $526.12 , $75.16 ,Praire_Community_Hospital
"82947: GLUCOSE; QUANTITATIVE, BLOOD (EXCEPT REAGENT STRIP)",4.0, $271.24 , $67.81 ,Praire_Community_Hospital
"82803: GASES, BLOOD, ANY COMBINATION OF PH, PCO2, PO2, CO2, HCO3 (INCLUDING CALCULATED O2 SATURATION)",1.0, $315.66 , $315.66 ,Praire_Community_Hospital
82746: FOLIC ACID; SERUM,1.0, $132.78 , $132.78 ,Praire_Community_Hospital
82728: FERRITIN,5.0, $620.05 , $124.01 ,Praire_Community_Hospital
"82710: FAT OR LIPIDS, FECES; QUANTITATIVE",1.0, $115.57 , $115.57 ,Praire_Community_Hospital
82607: CYANOCOBALAMIN (VITAMIN B-12),2.0, $270.56 , $135.28 ,Praire_Community_Hospital
82575: CREATININE; CLEARANCE,1.0, $86.88 , $86.88 ,Praire_Community_Hospital
82570: CREATININE; OTHER SOURCE,1.0, $78.92 , $78.92 ,Praire_Community_Hospital
82565: CREATININE; BLOOD,3.0, $113.79 , $37.93 ,Praire_Community_Hospital
"82553: CREATINE KINASE (CK), (CPK); MB FRACTION ONLY",19.0," $2,413.23 ", $130.27 ,Praire_Community_Hospital
"82550: CREATINE KINASE (CK), (CPK); TOTAL",1.0, $107.72 , $107.72 ,Praire_Community_Hospital
82378: CARCINOEMBRYONIC ANTIGEN (CEA),1.0, $172.86 , $172.86 ,Praire_Community_Hospital
82310: CALCIUM; TOTAL,1.0, $80.16 , $80.16 ,Praire_Community_Hospital
"82306: VITAMIN D; 25 HYDROXY, INCLUDES FRACTION(S), IF PERFORMED",10.0," $1,728.60 ", $172.86 ,Praire_Community_Hospital
"82270: BLOOD, OCCULT, BY PEROXIDASE ACTIVITY (EG, GUAIAC), QUALITATIVE; FECES, CONSECUTIVE COLLECTED SPECIMENS WITH SINGLE DETERMINATION, FOR COLORECTAL NEOPLASM SCREENING (IE, PATIENT WAS PROVIDED 3 CARDS OR SINGLE TRIPLE CARD FOR CONSECUTIVE COLLECTION)",2.0, $151.72 , $37.93 ,Praire_Community_Hospital
82150: AMYLASE,2.0, $330.70 , $165.35 ,Praire_Community_Hospital
82140: AMMONIA,1.0, $280.59 , $280.59 ,Praire_Community_Hospital
"82043: ALBUMIN; URINE (EG, MICROALBUMIN), QUANTITATIVE",1.0, $76.41 , $76.41 ,Praire_Community_Hospital
"81241: F5 (COAGULATION FACTOR V) (EG, HEREDITARY HYPERCOAGULABILITY) GENE ANALYSIS, LEIDEN VARIANT",1.0, $203.24 , $203.24 ,Praire_Community_Hospital
"81025: URINE PREGNANCY TEST, BY VISUAL COLOR COMPARISON METHODS",3.0, $159.03 , $53.01 ,Praire_Community_Hospital
"81003: URINALYSIS, BY DIP STICK OR TABLET REAGENT FOR BILIRUBIN, GLUCOSE, HEMOGLOBIN, KETONES, LEUKOCYTES, NITRITE, PH, PROTEIN, SPECIFIC GRAVITY, UROBILINOGEN, ANY NUMBER OF THESE CONSTITUENTS; AUTOMATED, WITHOUT MICROSCOPY",33.0," $1,238.69 ", $37.58 ,Praire_Community_Hospital
"81001: URINALYSIS, BY DIP STICK OR TABLET REAGENT FOR BILIRUBIN, GLUCOSE, HEMOGLOBIN, KETONES, LEUKOCYTES, NITRITE, PH, PROTEIN, SPECIFIC GRAVITY, UROBILINOGEN, ANY NUMBER OF THESE CONSTITUENTS; AUTOMATED, WITH MICROSCOPY",7.0, $362.04 , $51.72 ,Praire_Community_Hospital
80162: DIGOXIN; TOTAL,1.0, $147.82 , $147.82 ,Praire_Community_Hospital
"80069: RENAL FUNCTION PANEL THIS PANEL MUST INCLUDE THE FOLLOWING:  ALBUMIN (82040)  CALCIUM, TOTAL (82310)  CARBON DIOXIDE (BICARBONATE) (82374)  CHLORIDE (82435)  CREATININE (82565)  GLUCOSE (82947)  PHOSPHORUS INORGANIC (PHOSPHATE) (84100)  POTASSIUM (84132)  SODIUM (84295)  UREA NITROGEN (BUN) (84520)",1.0, $166.60 , $166.60 ,Praire_Community_Hospital
"80061: LIPID PANEL THIS PANEL MUST INCLUDE THE FOLLOWING:  CHOLESTEROL, SERUM, TOTAL (82465)  LIPOPROTEIN, DIRECT MEASUREMENT, HIGH DENSITY CHOLESTEROL (HDL CHOLESTEROL) (83718) TRIGLYCERIDES (84478)",37.0," $5,370.88 ", $145.16 ,Praire_Community_Hospital
"80053: COMPREHENSIVE METABOLIC PANEL  THIS PANEL MUST INCLUDE THE FOLLOWING:  ALBUMIN (82040)  BILIRUBIN, TOTAL (82247)  CALCIUM, TOTAL (82310)  CARBON DIOXIDE (BICARBONATE) (82374)  CHLORIDE (82435)  CREATININE (82565)  GLUCOSE (82947)  PHOSPHATASE, ALKALINE (84075)  POTASSIUM (84132)  PROTEIN, TOTAL (84155)  SODIUM (84295)  TRANSFERASE, ALANINE AMINO (ALT) (SGPT) (84460)  TRANSFERASE, ASPARTATE AMINO (AST) (SGOT) (84450)  UREA NITROGEN (BUN) (84520)",125.0," $28,561.80 ", $230.48 ,Praire_Community_Hospital
"80050: GENERAL HEALTH PANEL THIS PANEL MUST INCLUDE THE FOLLOWING:  COMPREHENSIVE METABOLIC PANEL (80053)  BLOOD COUNT, COMPLETE (CBC), AUTOMATED AND AUTOMATED DIFFERENTIAL WBC COUNT (85025 OR 85027 AND 85004)  OR  BLOOD COUNT, COMPLETE (CBC), AUTOMATED (85027) AND APPROPRIATE MANUAL DIFFERENTIAL WBC COUNT (85007 OR 85009)  THYROID STIMULATING HORMONE (TSH) (84443)",10.0," $3,319.50 ", $331.95 ,Praire_Community_Hospital
"80048: BASIC METABOLIC PANEL (CALCIUM, TOTAL) THIS PANEL MUST INCLUDE THE FOLLOWING:  CALCIUM, TOTAL (82310)  CARBON DIOXIDE (BICARBONATE) (82374)  CHLORIDE (82435)  CREATININE (82565)  GLUCOSE (82947)  POTASSIUM (84132)  SODIUM (84295)  UREA NITROGEN (BUN) (84520)",14.0," $2,023.16 ", $145.31 ,Praire_Community_Hospital
"74019,TC: RADIOLOGIC EXAMINATION, ABDOMEN; 2 VIEWS",4.0," $1,378.12 ", $344.53 ,Praire_Community_Hospital
"73660,TC: RADIOLOGIC EXAMINATION; TOE(S), MINIMUM OF 2 VIEWS",2.0, $379.24 , $189.62 ,Praire_Community_Hospital
"73630,TC: RADIOLOGIC EXAMINATION, FOOT; COMPLETE, MINIMUM OF 3 VIEWS",6.0," $1,216.49 ", $241.44 ,Praire_Community_Hospital
"73620,TC: RADIOLOGIC EXAMINATION, FOOT; 2 VIEWS",1.0, $446.20 , $223.10 ,Praire_Community_Hospital
"73610,TC: RADIOLOGIC EXAMINATION, ANKLE; COMPLETE, MINIMUM OF 3 VIEWS",4.0, $965.76 , $241.44 ,Praire_Community_Hospital
"73600,TC: RADIOLOGIC EXAMINATION, ANKLE; 2 VIEWS",2.0, $446.20 , $223.10 ,Praire_Community_Hospital
"73590,TC: RADIOLOGIC EXAMINATION; TIBIA AND FIBULA, 2 VIEWS",2.0, $467.59 , $238.38 ,Praire_Community_Hospital
"73564,TC: RADIOLOGIC EXAMINATION, KNEE; COMPLETE, 4 OR MORE VIEWS",1.0, $293.39 , $293.39 ,Praire_Community_Hospital
"73562,TC: RADIOLOGIC EXAMINATION, KNEE; 3 VIEWS",3.0, $788.43 , $262.81 ,Praire_Community_Hospital
"73552,TC: RADIOLOGIC EXAMINATION, FEMUR; MINIMUM 2 VIEWS",1.0, $278.10 , $278.10 ,Praire_Community_Hospital
"73551,TC: RADIOLOGIC EXAMINATION, FEMUR; 1 VIEW",1.0, $259.76 , $259.76 ,Praire_Community_Hospital
"73521,TC: RADIOLOGIC EXAMINATION, HIPS, BILATERAL, WITH PELVIS WHEN PERFORMED; 2 VIEWS",1.0, $309.45 , $309.45 ,Praire_Community_Hospital
"73502,TC: RADIOLOGIC EXAMINATION, HIP, UNILATERAL, WITH PELVIS WHEN PERFORMED; 2-3 VIEWS",2.0, $677.02 , $338.51 ,Praire_Community_Hospital
"73501,TC: RADIOLOGIC EXAMINATION, HIP, UNILATERAL, WITH PELVIS WHEN PERFORMED; 1 VIEW",1.0, $275.05 , $275.05 ,Praire_Community_Hospital
"73140,TC: RADIOLOGIC EXAMINATION, FINGER(S), MINIMUM OF 2 VIEWS",4.0, $757.88 , $189.47 ,Praire_Community_Hospital
"73130,TC: RADIOLOGIC EXAMINATION, HAND; MINIMUM OF 3 VIEWS",2.0, $482.88 , $241.44 ,Praire_Community_Hospital
"73120,TC: RADIOLOGIC EXAMINATION, HAND; 2 VIEWS",1.0, $223.10 , $223.10 ,Praire_Community_Hospital
"73110,TC: RADIOLOGIC EXAMINATION, WRIST; COMPLETE, MINIMUM OF 3 VIEWS",4.0," $1,007.36 ", $251.84 ,Praire_Community_Hospital
"73100,TC: RADIOLOGIC EXAMINATION, WRIST; 2 VIEWS",1.0, $228.85 , $228.85 ,Praire_Community_Hospital
"73080,TC: RADIOLOGIC EXAMINATION, ELBOW; COMPLETE, MINIMUM OF 3 VIEWS",1.0, $259.76 , $259.76 ,Praire_Community_Hospital
"73070,TC: RADIOLOGIC EXAMINATION, ELBOW; 2 VIEWS",1.0, $229.21 , $229.21 ,Praire_Community_Hospital
"73060,TC: RADIOLOGIC EXAMINATION; HUMERUS, MINIMUM OF 2 VIEWS",1.0, $259.76 , $259.76 ,Praire_Community_Hospital
"73030,TC: RADIOLOGIC EXAMINATION, SHOULDER; COMPLETE, MINIMUM OF 2 VIEWS",3.0, $781.73 , $263.96 ,Praire_Community_Hospital
"72170,TC: RADIOLOGIC EXAMINATION, PELVIS; 1 OR 2 VIEWS",2.0, $476.76 , $238.38 ,Praire_Community_Hospital
"72110,TC: RADIOLOGIC EXAMINATION, SPINE, LUMBOSACRAL; MINIMUM OF 4 VIEWS",1.0, $436.28 , $436.28 ,Praire_Community_Hospital
"71045,TC: RADIOLOGIC EXAMINATION, CHEST; SINGLE VIEW",17.0," $4,449.71 ", $226.15 ,Praire_Community_Hospital
"69210: REMOVAL IMPACTED CERUMEN REQUIRING INSTRUMENTATION, UNILATERAL",6.0, $81.98 , $81.93 ,Praire_Community_Hospital
"65220: REMOVAL OF FOREIGN BODY, EXTERNAL EYE; CORNEAL, WITHOUT SLIT LAMP",1.0, $0.01 , $182.97 ,Praire_Community_Hospital
"51703: INSERTION OF TEMPORARY INDWELLING BLADDER CATHETER; COMPLICATED (EG, ALTERED ANATOMY, FRACTURED CATHETER/BALLOON)",2.0, $238.40 , $119.20 ,Praire_Community_Hospital
51701: INSERTION OF NON-DWELLING BLADDER CATHETER (EG. STRAIGHT CATHETERIZATION FOR RESIDUAL URINE),1.0, $93.94 , $93.94 ,Praire_Community_Hospital
20610: ASPIRATION / INJECTION OF SHLDR/HIP/KNEE/SBACBURSA,9.0, $565.35 , $188.43 ,Praire_Community_Hospital
"20605: ASPIRATION / INJECTION OF WRIST, ELBOW, ANKLE, BURSA",1.0, $157.02 , $157.02 ,Praire_Community_Hospital
20600: ASPIRATION / INJECTION OF FNGR/TOE/GNGLN CYST,1.0, $0.01 , $137.90 ,Praire_Community_Hospital
"20550: INJECTION(S); SINGLE TENDON SHEATH, OR LIGAMENT, APONEUROSIS (EG, PLANTAR FASCIA)",2.0, $355.74 , $177.87 ,Praire_Community_Hospital
"12002: REPAIR, SIMPLE OF SUPERFICIAL WOUNDS OF SCALP, NECK AXILLAE, EXTERNAL GENITALIA, TRUNK AND/OR EXTREMITIES; 2.6 CM TO 7.5 CM",4.0, $903.25 , $304.99 ,Praire_Community_Hospital
"12001: REPAIR, SIMPLE OF SUPERFICIAL WOUNDS OF SCALP, NECK AXILLAE, EXTERNAL GENITALIA, TRUNK AND/OR EXTREMITIES; 2.5 CM OR LESS",3.0, $852.27 , $284.09 ,Praire_Community_Hospital
"11750: EXCISION OF NAIL AND NAIL MATRIX, PARTIAL OR COMPLETE(EG. INGROWN OR DEFOMRED NAIL), FOR PERMANENT REMOVAL",3.0, $304.92 , $304.99 ,Praire_Community_Hospital
11721: DEBRIDEMENT OF NAIL(S) BY ANY METHOD(S); 6 OR MORE,2.0, $0.02 , $150.75 ,Praire_Community_Hospital
"11424: EXCISION OF SCALP, NECK, HANDS, FEET, GENITALIA; DIAMETER 3.1 TO 4.0 CM",1.0, $431.52 , $431.52 ,Praire_Community_Hospital
"11421: EXCISION OF SCALP, NECK, HANDS, FEET, GENITALIA; DIAMETER 0.6 TO 1.0 CM",1.0, $286.33 , $286.33 ,Praire_Community_Hospital
"11402: EXCISION, TRUNK, ARMS OR LEGS; DIAMETER 1.1 TO 2.0 CM",1.0, $301.07 , $301.07 ,Praire_Community_Hospital
"11200: REMOVAL OF SKIN TAGS, MULTIPLE FIBROCUTANEOUS TAGS, ANY AREA; UP TO AND INCLUDING 15 LESIONS",2.0, $142.89 , $142.88 ,Praire_Community_Hospital
11104: PUNCH BIOPSY OF SKIN; SINGLE LESION,2.0, $249.60 , $124.80 ,Praire_Community_Hospital
"0631: INJECTION, CEFEPIME HYDROCHLORIDE, 500 MG",1.0, $1.26 , $1.26 ,Praire_Community_Hospital
"0300: GASES, BLOOD, ANY COMBINATION OF PH, PCO2, PO2, CO2, HCO3 (INCLUDING CALCULATED O2 SATURATION)",1.0," $1,036.95 "," $1,036.95 ",Praire_Community_Hospital
"0270: STERILE WATER, SALINE AND/OR DEXTROSE, DILUENT/FLUSH, 10 ML",13.0, $298.03 , $22.93 ,Praire_Community_Hospital
"0260: INTRAVENOUS INFUSION, HYDRATION; INITIAL, 31 MINUTES TO 1 HOUR",1.0, $278.58 , $278.58 ,Praire_Community_Hospital
0259: PHARMACY - OTHER  DRUGS/OTHER,14.0, $829.29 , $59.24 ,Praire_Community_Hospital
"0250: PRESCRIPTION DRUG, ORAL, NON CHEMOTHERAPEUTIC, NOS",26.0, $505.42 , $19.44 ,Praire_Community_Hospital
Inpatient daily rate - Medicare Part A,103.0," $589,261.80 "," $7,534.00 ",Praire_Community_Hospital
Swing Bed daily rate - Medicare Part A (skilled services),,," $7,308.00 ",Praire_Community_Hospital
