HOSPITAL SYSTEM CHARGE CODE,CHARGE DESCRIPTION,CPT/HCPCS CODE,AVERAGE UNIT PRICE (INPATIENT),AVERAGE UNIT PRICE (OUTPATIENT),CC MSC LOCATION (Unit Price) [IP/OP],CC MSC LOCATION (Base Price) [IP/OP],Montana Medicaid Outpatient Price,Montana Medicaid Inpatient Price,Blue Cross Blue Shield Outpatient Price,Blue Cross Blue Shield Inpatient Price,Allegiance Outpatient Price,Allegiance Inpatient Price,Self Pay Cash Price,Highest Negotiated Price,Lowest Negotiated Price,hospital
12410001.0,HC R&B-SEMI-PRIVATE PSYCHIATRIC,12410001,1810.0,1810.0,1810.0,1810.0,,APR-DRG,,1629.0,1629.0,1629.0,1357.5,1629.0,APR DRG,Shodair_Childrens_Hospital
97511282.0,HC PR 11102 TANGENTIAL BIOPSY SKIN SINGLE LESION,11102,175.0,175.0,175.0,175.0,3.049,APR-DRG,165.63,65.32,157.5,157.5,131.25,157.5,3.049,Shodair_Childrens_Hospital
97511283.0,HC PR 11103 TANGENTIAL BIOPSY SKIN EA SEP/ADDITIONAL LESION,11103,100.0,100.0,100.0,100.0,1.549,APR-DRG,88.06,37.91,90.0,90.0,75.0,90.0,1.549,Shodair_Childrens_Hospital
98310202.0,HC PR 11104 PUNCH BIOPSY SKIN SINGLE LESION,11104,220.0,220.0,220.0,220.0,3.818,APR-DRG,208.2,81.65,198.0,198.0,165.0,198.0,3.818,Shodair_Childrens_Hospital
98310203.0,HC PR 11105 PUNCH BIOPSY SKIN EA SEP/ADDITIONAL LESION,11105,115.0,115.0,115.0,115.0,1.789,APR-DRG,100.31,44.32,103.5,103.5,86.25,103.5,1.789,Shodair_Childrens_Hospital
98310204.0,HC PR 11106 INCISIONAL BIOPSY SKIN SINGLE LESION,11106,275.0,275.0,275.0,275.0,4.667,APR-DRG,251.94,98.56,247.5,247.5,206.25,247.5,4.667,Shodair_Childrens_Hospital
98310454.0,HC PR 11107 INCISIONAL BIOPSY SKIN EA SEP/ADDITIONAL LESION,11107,130.0,130.0,130.0,130.0,2.139,APR-DRG,118.97,53.07,117.0,117.0,97.5,117.0,2.139,Shodair_Childrens_Hospital
98300152.0,HC PR 11981 INSJ NON-BIODEGRADABLE DRUG DELIVERY IMPLANT CDM,11981,218.0,218.0,218.0,218.0,3.045,APR-DRG,172.63,108.48,196.20000000000002,196.20000000000002,163.5,196.20000000000002,3.045,Shodair_Childrens_Hospital
98300153.0,HC PR 11982 REMOVAL NON-BIODEGRADABLE DRUG DELIVERY IMPLANT CDM,11982,247.0,247.0,247.0,247.0,3.434,APR-DRG,195.96,127.72,222.3,222.3,185.25,222.3,3.434,Shodair_Childrens_Hospital
97510099.0,HC PR 11983 REMOVE/INSERT DRUG IMPLANT,11983,305.0,305.0,305.0,305.0,4.253,APR-DRG,242.03,175.54,274.5,274.5,228.75,274.5,4.253,Shodair_Childrens_Hospital
30010004.0,HC BLOOD DRAW VENIPUNCTURE,36415,33.0,33.0,33.0,33.0,3.0,APR-DRG,4.35,4.05,29.7,29.7,24.75,29.7,3,Shodair_Childrens_Hospital
30017010.0,HC COMPREHENSIVE METABOLIC PANEL,80053,17.5,17.5,17.5,17.5,17.6,APR-DRG,18.91,14.26,15.75,15.75,13.125,15.75,17.6,Shodair_Childrens_Hospital
30100005.0,HC CC MSC LIPID PANEL,80061,25.0,25.0,25.0,25.0,22.32,APR-DRG,23.97,18.08,22.5,22.5,18.75,22.5,22.32,Shodair_Childrens_Hospital
97110199.0,"HC PR 80305 DRUG TEST PRSMV DIRECT OPT OBS, PER DOS",80305,21.25,21.25,21.25,21.25,21.0,APR-DRG,19.52,19.52,19.125,19.125,15.9375,19.125,21,Shodair_Childrens_Hospital
96910019.0,HC PR 81025 URINE PREGNANCY TEST,81025,15.0,15.0,15.0,15.0,14.35,APR-DRG,12.48,12.48,13.5,13.5,11.25,13.5,14.35,Shodair_Childrens_Hospital
31010814.0,HC CC MSC IDH1 COMMON VARIANTS,81120,350.0,350.0,350.0,350.0,322.08,APR-DRG,280.21,280.21,315.0,315.0,262.5,315.0,322.08,Shodair_Childrens_Hospital
31010815.0,HC CC MSC IDH2 COMMON VARIANTS,81121,540.0,540.0,540.0,540.0,492.98,APR-DRG,428.9,428.9,486.0,486.0,405.0,486.0,492.98,Shodair_Childrens_Hospital
30110382.0,HC CC MSC DMD DELETION/DUPLICATION ANALYSIS,81161,506.0,506.0,506.0,506.0,465.0,APR-DRG,404.55,404.55,455.40000000000003,455.40000000000003,379.5,455.40000000000003,465,Shodair_Childrens_Hospital
30110350.0,HC CC MSC BRCA1/BRCA2 FULL SEQUENCE ANALYSIS AND DELETION/DUPLICATION TESTING,81162,4083.0,4083.0,4083.0,4083.0,3041.47,APR-DRG,3266.75,3266.75,3674.7000000000003,3674.7000000000003,3062.25,3674.7000000000003,3041.47,Shodair_Childrens_Hospital
30110395.0,HC CC MSC BRCA1/BRCA2 FULL GENE SEQUENCING,81163,848.0,848.0,848.0,848.0,780.0,APR-DRG,678.6,678.6,763.2,763.2,636.0,763.2,780,Shodair_Childrens_Hospital
30110400.0,HC CC MSC BRCA1/BRCA2 DELETION/DUPLICATION ANALYSIS,81164,1059.0,1059.0,1059.0,1059.0,973.72,APR-DRG,847.13,847.13,953.1,953.1,794.25,953.1,973.72,Shodair_Childrens_Hospital
30110383.0,HC CC MSC BRCA1 FULL GENE SEQUENCING,81165,513.0,513.0,513.0,513.0,471.47,APR-DRG,410.18,410.18,461.7,461.7,384.75,461.7,471.47,Shodair_Childrens_Hospital
30110384.0,HC CC MSC BRCA2 DELETION/DUPLICATION ANALYSIS,81167,513.0,513.0,513.0,513.0,471.47,APR-DRG,410.18,410.18,461.7,461.7,384.75,461.7,471.47,Shodair_Childrens_Hospital
30110386.0,HC CC MSC AR FULL GENE SEQUENCING,81173,546.0,546.0,546.0,546.0,502.25,APR-DRG,436.96,436.96,491.40000000000003,491.40000000000003,409.5,491.40000000000003,502.25,Shodair_Childrens_Hospital
30110752.0,HC CC MSC CACNA1A FULL GENE SEQUENCING,81185,1534.0,1534.0,1534.0,1534.0,1410.45,APR-DRG,1227.09,1227.09,1380.6000000000001,1380.6000000000001,1150.5,1380.6000000000001,1410.45,Shodair_Childrens_Hospital
30110371.0,HC CC MSC CACNA1A KNOWN FAMILIAL VARIANT,81186,336.0,336.0,336.0,336.0,308.67,APR-DRG,268.54,268.54,302.40000000000003,302.40000000000003,252.0,302.40000000000003,308.67,Shodair_Childrens_Hospital
30110379.0,HC CC MSC CSTB FULL GENE SEQUENCING,81189,498.0,498.0,498.0,498.0,458.05,APR-DRG,398.5,398.5,448.2,448.2,373.5,448.2,458.05,Shodair_Childrens_Hospital
30110372.0,HC CC MSC CSTB KNOWN FAMILIAL VARIANT,81190,336.0,336.0,336.0,336.0,308.67,APR-DRG,268.54,268.54,302.40000000000003,302.40000000000003,252.0,302.40000000000003,308.67,Shodair_Childrens_Hospital
30110414.0,HC CC MSC APC FULL GENE SEQUENCING,81201,1414.0,1414.0,1414.0,1414.0,1300.0,APR-DRG,1131.0,1131.0,1272.6000000000001,1272.6000000000001,1060.5,1272.6000000000001,1300,Shodair_Childrens_Hospital
31010816.0,HC CC MSC APC GENE ANALYSIS KNOWN FAMILIAL VARIANTS,81202,500.0,500.0,500.0,500.0,466.67,APR-DRG,406.0,406.0,450.0,450.0,375.0,450.0,466.67,Shodair_Childrens_Hospital
31010817.0,HC CC MSC APC GENE ANALYSIS DUPLICATION/DELETION VARIANTS,81203,350.0,350.0,350.0,350.0,333.33,APR-DRG,290.0,290.0,315.0,315.0,262.5,315.0,333.33,Shodair_Childrens_Hospital
30110351.0,HC CC MSC X CHROMOSOME INACTIVATION  AR GENE METHYLATION,81204,248.0,248.0,248.0,248.0,228.33,APR-DRG,198.65,198.65,223.20000000000002,223.20000000000002,186.0,223.20000000000002,228.33,Shodair_Childrens_Hospital
30110359.0,HC CC MSC BRCA1 KNOWN FAMILIAL VARIANT,81215,680.0,680.0,680.0,680.0,625.42,APR-DRG,147.66,147.66,612.0,612.0,510.0,612.0,625.42,Shodair_Childrens_Hospital
30110370.0,HC CC MSC BRCA2 FULL GENE SEQUENCING,81216,336.0,336.0,336.0,336.0,308.53,APR-DRG,268.42,268.42,302.40000000000003,302.40000000000003,252.0,302.40000000000003,308.53,Shodair_Childrens_Hospital
30110360.0,HC CC MSC BRCA2 KNOWN FAMILIAL VARIANT,81217,680.0,680.0,680.0,680.0,625.42,APR-DRG,147.66,147.66,612.0,612.0,510.0,612.0,625.42,Shodair_Childrens_Hospital
30110274.0,HC CC MSC CYSTIC FIBROSIS COMMON MUTATION SCRN,81220,1009.0,1009.0,1009.0,1009.0,927.67,APR-DRG,807.07,807.07,908.1,908.1,756.75,908.1,927.67,Shodair_Childrens_Hospital
30110366.0,HC CC MSC CFTR KNOWN FAMILIAL VARIANT,81221,176.0,176.0,176.0,176.0,162.03,APR-DRG,140.97,140.97,158.4,158.4,132.0,158.4,162.03,Shodair_Childrens_Hospital
30110399.0,HC CC MSC CFTR DELETION/DUPLICATION ANALYSIS,81222,789.0,789.0,789.0,789.0,725.12,APR-DRG,630.85,630.85,710.1,710.1,591.75,710.1,725.12,Shodair_Childrens_Hospital
30110396.0,HC CC MSC CFTR FULL GENE SEQUENCING,81223,904.0,904.0,904.0,904.0,831.67,APR-DRG,723.55,723.55,813.6,813.6,678.0,813.6,831.67,Shodair_Childrens_Hospital
31010706.0,HC CYP2C19 GENE COM VARIANTS,81225,528.09,528.09,528.09,528.09,485.6,APR-DRG,422.47,422.47,475.28100000000006,475.28100000000006,396.0675,475.28100000000006,485.6,Shodair_Childrens_Hospital
30010274.0,HC CYP2D6 GENE ANALYSIS COMMON VARIANTS #,81226,817.28,817.28,817.28,817.28,751.52,APR-DRG,653.82,653.82,735.552,735.552,612.96,735.552,751.52,Shodair_Childrens_Hospital
31000012.0,HC CYP2C9 GENE ANALYSIS COMMON VARIANTS,81227,316.84,316.84,316.84,316.84,291.35,APR-DRG,253.47,253.47,285.156,285.156,237.63,285.156,291.35,Shodair_Childrens_Hospital
30110275.0,HC CC MSC MICROARRAY,81229,2103.0,2103.0,2103.0,2103.0,1933.33,APR-DRG,1682.0,1682.0,1892.7,1892.7,1577.25,1892.7,1933.33,Shodair_Childrens_Hospital
31010152.0,HC CYP3A4 GENE COMMON VARIANTS,81230,316.84,316.84,316.84,316.84,291.35,APR-DRG,253.47,253.47,285.156,285.156,237.63,285.156,291.35,Shodair_Childrens_Hospital
31010153.0,HC CYP3A5 GENE COMMON VARIANTS,81231,316.84,316.84,316.84,316.84,291.35,APR-DRG,253.47,253.47,285.156,285.156,237.63,285.156,291.35,Shodair_Childrens_Hospital
30110352.0,HC CC MSC MYOTONIC DYSTROPHY TYPE 1 DMPK CTG REPEAT ANALYSIS,81234,248.0,248.0,248.0,248.0,228.33,APR-DRG,198.65,198.65,223.20000000000002,223.20000000000002,186.0,223.20000000000002,228.33,Shodair_Childrens_Hospital
30110402.0,HC CC MSC F9 FULL GENE SEQUENCING,81238,1088.0,1088.0,1088.0,1088.0,1000.0,APR-DRG,870.0,870.0,979.2,979.2,816.0,979.2,1000,Shodair_Childrens_Hospital
30110353.0,HC CC MSC MYOTONIC DYSTROPHY TYPE 1 SOUTHERN BLOT,81239,498.0,498.0,498.0,498.0,458.05,APR-DRG,398.5,398.5,448.2,448.2,373.5,448.2,458.05,Shodair_Childrens_Hospital
30110276.0,HC CC MSC PROTHROMBIN (FACTOR II),81240,127.0,127.0,127.0,127.0,109.48,APR-DRG,95.25,95.25,114.3,114.3,95.25,114.3,109.48,Shodair_Childrens_Hospital
30110277.0,HC CC MSC FACTOR V LEIDEN (FVL),81241,157.0,157.0,157.0,157.0,122.28,APR-DRG,109.39,109.39,141.3,141.3,117.75,141.3,122.28,Shodair_Childrens_Hospital
30110278.0,HC CC MSC FRAGILE X SYND (FRM-1) PCR,81243,290.0,290.0,290.0,290.0,95.07,APR-DRG,82.71,82.71,261.0,261.0,217.5,261.0,95.07,Shodair_Childrens_Hospital
30110279.0,HC CC MSC FRAGILE-X SYNDROME (FMR-1),81244,479.0,479.0,479.0,479.0,74.82,APR-DRG,65.09,65.09,431.1,431.1,359.25,431.1,74.82,Shodair_Childrens_Hospital
30110393.0,HC CC MSC G6PD KNOWN FAMILIAL VARIANT,81248,680.0,680.0,680.0,680.0,625.42,APR-DRG,544.11,544.11,612.0,612.0,510.0,612.0,625.42,Shodair_Childrens_Hospital
30110403.0,HC CC MSC G6PD FULL GENE SEQUENCING,81249,1088.0,1088.0,1088.0,1088.0,1000.0,APR-DRG,870.0,870.0,979.2,979.2,816.0,979.2,1000,Shodair_Childrens_Hospital
30110367.0,HC CC MSC GJB2 FULL GENE SEQUENCING,81252,183.0,183.0,183.0,183.0,168.53,APR-DRG,146.62,146.62,164.70000000000002,164.70000000000002,137.25,164.70000000000002,168.53,Shodair_Childrens_Hospital
30110363.0,HC CC MSC GJB2 KNOWN FAMILIAL VARIANT,81253,112.0,112.0,112.0,112.0,102.53,APR-DRG,89.2,89.2,100.8,100.8,84.0,100.8,102.53,Shodair_Childrens_Hospital
30110280.0,HC CC MSC HEMOCHROMATOSIS (HFE),81256,168.0,168.0,168.0,168.0,108.93,APR-DRG,117.0,117.0,151.20000000000002,151.20000000000002,126.0,151.20000000000002,108.93,Shodair_Childrens_Hospital
30110281.0,HC CC MSC COMPARATIVE STR ANALYSIS,81265,553.0,553.0,553.0,553.0,388.45,APR-DRG,384.96,384.96,497.7,497.7,414.75,497.7,388.45,Shodair_Childrens_Hospital
30110285.0,HC CC MSC ADDITIONAL SPECIMEN STR ANALYSIS,81266,552.0,552.0,552.0,552.0,508.02,APR-DRG,441.97,441.97,496.8,496.8,414.0,496.8,508.02,Shodair_Childrens_Hospital
30110355.0,HC CC MSC HUNTINGTON DISEASE HTT CAG REPEAT ANALYSIS,81271,248.0,248.0,248.0,248.0,228.33,APR-DRG,198.65,198.65,223.20000000000002,223.20000000000002,186.0,223.20000000000002,228.33,Shodair_Childrens_Hospital
31010735.0,HC KIT GENE ANALYSIS TARGETED SEQUENCE ANALYSIS,81272,560.0,560.0,560.0,560.0,549.18,APR-DRG,477.79,477.79,504.0,504.0,420.0,504.0,549.18,Shodair_Childrens_Hospital
31010683.0,HC KIT GENE ANALYS D816 VARIANT,81273,227.0,227.0,227.0,227.0,208.12,APR-DRG,181.06,181.06,204.3,204.3,170.25,204.3,208.12,Shodair_Childrens_Hospital
30110380.0,HC CC MSC FXN FULL GENE SEQUENCING,81286,498.0,498.0,498.0,498.0,458.05,APR-DRG,398.5,398.5,448.2,448.2,373.5,448.2,458.05,Shodair_Childrens_Hospital
30110373.0,HC CC MSC FXN KNOWN FAMILIAL VARIANT,81289,336.0,336.0,336.0,336.0,308.67,APR-DRG,268.54,268.54,302.40000000000003,302.40000000000003,252.0,302.40000000000003,308.67,Shodair_Childrens_Hospital
30110287.0,HC CC MSC MTHFR,81291,118.0,118.0,118.0,118.0,108.9,APR-DRG,94.74,94.74,106.2,106.2,88.5,106.2,108.9,Shodair_Childrens_Hospital
30110409.0,HC CC MSC MLH1 FULL GENE SEQUENCING,81292,1224.0,1224.0,1224.0,1224.0,1125.67,APR-DRG,979.33,979.33,1101.6000000000001,1101.6000000000001,918.0,1101.6000000000001,1125.67,Shodair_Childrens_Hospital
30110391.0,HC CC MSC MLH1 KNOWN FAMILIAL VARIANT,81293,600.0,600.0,600.0,600.0,551.67,APR-DRG,479.95,479.95,540.0,540.0,450.0,540.0,551.67,Shodair_Childrens_Hospital
30110375.0,HC CC MSC MLH1 DELETION/DUPLICATION ANALYSIS,81294,367.0,367.0,367.0,367.0,337.33,APR-DRG,293.48,293.48,330.3,330.3,275.25,330.3,337.33,Shodair_Childrens_Hospital
30110394.0,HC CC MSC MSH2 FULL GENE SEQUENCING,81295,692.0,692.0,692.0,692.0,636.17,APR-DRG,553.47,553.47,622.8000000000001,622.8000000000001,519.0,622.8000000000001,636.17,Shodair_Childrens_Hospital
30110392.0,HC CC MSC MSH2 KNOWN FAMILIAL VARIANT,81296,612.0,612.0,612.0,612.0,562.88,APR-DRG,489.71,489.71,550.8000000000001,550.8000000000001,459.0,550.8000000000001,562.88,Shodair_Childrens_Hospital
30110377.0,HC CC MSC MSH2 DELETION/DUPLICATION ANALYSIS,81297,387.0,387.0,387.0,387.0,355.5,APR-DRG,309.29,309.29,348.3,348.3,290.25,348.3,355.5,Shodair_Childrens_Hospital
30110405.0,HC CC MSC MSH6 FULL GENE SEQUENCING,81298,1163.0,1163.0,1163.0,1163.0,1069.75,APR-DRG,930.68,930.68,1046.7,1046.7,872.25,1046.7,1069.75,Shodair_Childrens_Hospital
30110389.0,HC CC MSC MSH6 KNOWN FAMILIAL VARIANT,81299,558.0,558.0,558.0,558.0,513.33,APR-DRG,446.6,446.6,502.2,502.2,418.5,502.2,513.33,Shodair_Childrens_Hospital
30110378.0,HC CC MSC MSH6 DELETION/DUPLICATION ANALYSIS,81300,431.0,431.0,431.0,431.0,396.67,APR-DRG,345.1,345.1,387.90000000000003,387.90000000000003,323.25,387.90000000000003,396.67,Shodair_Childrens_Hospital
30110398.0,HC CC MSC MECP2 FULL GENE SEQUENCING,81302,957.0,957.0,957.0,957.0,879.78,APR-DRG,765.41,765.41,861.3000000000001,861.3000000000001,717.75,861.3000000000001,879.78,Shodair_Childrens_Hospital
30110368.0,HC CC MSC MECP2 KNOWN FAMILIAL VARIANT,81303,218.0,218.0,218.0,218.0,200.0,APR-DRG,174.0,174.0,196.20000000000002,196.20000000000002,163.5,196.20000000000002,200,Shodair_Childrens_Hospital
30110369.0,HC CC MSC MECP2 DELETION/DUPLICATION ANALYSIS,81304,272.0,272.0,272.0,272.0,250.0,APR-DRG,217.5,217.5,244.8,244.8,204.0,244.8,250,Shodair_Childrens_Hospital
30110413.0,HC CC MSC PMS2 FULL GENE SEQUENCING,81317,1281.0,1281.0,1281.0,1281.0,1127.5,APR-DRG,1025.18,1025.18,1152.9,1152.9,960.75,1152.9,1127.5,Shodair_Childrens_Hospital
30110288.0,HC CC MSC PMS2 KNOWN FAMILIAL VARIANTS,81318,600.0,600.0,600.0,600.0,551.67,APR-DRG,479.95,479.95,540.0,540.0,450.0,540.0,551.67,Shodair_Childrens_Hospital
30110376.0,HC CC MSC PMS2 DELETION/DUPLICATION ANALYSIS,81319,369.0,369.0,369.0,369.0,339.17,APR-DRG,295.08,295.08,332.1,332.1,276.75,332.1,339.17,Shodair_Childrens_Hospital
30110404.0,HC CC MSC PTEN FULL GENE SEQUENCING,81321,1088.0,1088.0,1088.0,1088.0,1000.0,APR-DRG,870.0,870.0,979.2,979.2,816.0,979.2,1000,Shodair_Childrens_Hospital
30110757.0,HC CC MSC PTEN KNOWN FAMILIAL VARIANT,81322,96.0,96.0,96.0,96.0,77.67,APR-DRG,76.63,76.63,86.4,86.4,72.0,86.4,77.67,Shodair_Childrens_Hospital
30110361.0,HC CC MSC PTEN DELETION/DUPLICATION ANALYSIS,81323,544.0,544.0,544.0,544.0,500.0,APR-DRG,138.73,138.73,489.6,489.6,408.0,489.6,500,Shodair_Childrens_Hospital
30110411.0,HC CC MSC PMP22 DELETION/DUPLICATION ANALYSIS,81324,1375.0,1375.0,1375.0,1375.0,1263.93,APR-DRG,1099.62,1099.62,1237.5,1237.5,1031.25,1237.5,1263.93,Shodair_Childrens_Hospital
30110412.0,HC CC MSC PMP22 FULL GENE SEQUENCING,81325,1395.0,1395.0,1395.0,1395.0,1282.63,APR-DRG,1115.89,1115.89,1255.5,1255.5,1046.25,1255.5,1282.63,Shodair_Childrens_Hospital
30110365.0,HC CC MSC PMP22 KNOWN FAMILIAL VARIANT,81326,96.0,96.0,96.0,96.0,77.67,APR-DRG,76.63,76.63,86.4,86.4,72.0,86.4,77.67,Shodair_Childrens_Hospital
30110356.0,HC CC MSC SPINAL MUSCULAR ATROPHY  SMN1/SMN2 GENE ANALYSIS,81329,248.0,248.0,248.0,248.0,228.33,APR-DRG,198.65,198.65,223.20000000000002,223.20000000000002,186.0,223.20000000000002,228.33,Shodair_Childrens_Hospital
30110289.0,HC CC MSC AS/PWS,81331,290.0,290.0,290.0,290.0,85.12,APR-DRG,74.05,74.05,261.0,261.0,217.5,261.0,85.12,Shodair_Childrens_Hospital
30110387.0,HC CC MSC SMN1 FULL GENE SEQUENCING,81336,546.0,546.0,546.0,546.0,502.25,APR-DRG,436.96,436.96,491.40000000000003,491.40000000000003,409.5,491.40000000000003,502.25,Shodair_Childrens_Hospital
30110374.0,HC CC MSC SMN1 KNOWN FAMILIAL VARIANT,81337,336.0,336.0,336.0,336.0,308.67,APR-DRG,268.54,268.54,302.40000000000003,302.40000000000003,252.0,302.40000000000003,308.67,Shodair_Childrens_Hospital
30110290.0,HC CC MSC MOLECULAR PATHOLOGY PROCEDURE LEVEL 2,81401,276.0,276.0,276.0,276.0,228.33,APR-DRG,198.65,198.65,248.4,248.4,207.0,248.4,228.33,Shodair_Childrens_Hospital
30110299.0,HC CC MSC MOLECULAR PATHOLOGY PROCEDURE LEVEL 3,81402,276.0,276.0,276.0,276.0,250.55,APR-DRG,217.98,217.98,248.4,248.4,207.0,248.4,250.55,Shodair_Childrens_Hospital
30110300.0,HC CC MSC MOLECULAR PATHOLOGY PROCEDURE  LEVEL 4,81403,337.0,337.0,337.0,337.0,308.67,APR-DRG,268.54,268.54,303.3,303.3,252.75,303.3,308.67,Shodair_Childrens_Hospital
30110381.0,HC CC MSC MOLECULAR PATHOLOGY PROCEDURE LEVEL 5,81404,498.0,498.0,498.0,498.0,458.05,APR-DRG,398.5,398.5,448.2,448.2,373.5,448.2,458.05,Shodair_Childrens_Hospital
30110388.0,"HC CC MSC MOLECULAR PATHOLOGY PROCEDURE, LEVEL 6",81405,546.0,546.0,546.0,546.0,502.25,APR-DRG,436.96,436.96,491.40000000000003,491.40000000000003,409.5,491.40000000000003,502.25,Shodair_Childrens_Hospital
30110385.0,"HC CC MSC MOLECULAR PATHOLOGY PROCEDURE, LEVEL 7",81406,513.0,513.0,513.0,513.0,471.47,APR-DRG,410.18,410.18,461.7,461.7,384.75,461.7,471.47,Shodair_Childrens_Hospital
30110756.0,"HC CC MSC MOLECULAR PATHOLOGY PROCEDURE, LEVEL 8",81407,1534.0,1534.0,1534.0,1534.0,1410.45,APR-DRG,1227.09,1227.09,1380.6000000000001,1380.6000000000001,1150.5,1380.6000000000001,1410.45,Shodair_Childrens_Hospital
30110425.0,"HC CC MSC MOLECULAR PATHOLOGY PROCEDURE, LEVEL 9",81408,3625.0,3625.0,3625.0,3625.0,3333.33,APR-DRG,2900.0,2900.0,3262.5,3262.5,2718.75,3262.5,3333.33,Shodair_Childrens_Hospital
30110397.0,HC CC MSC AORTIC DYSFUNCTION SEQUENCING PANEL,81410,914.0,914.0,914.0,914.0,840.0,APR-DRG,730.8,730.8,822.6,822.6,685.5,822.6,840,Shodair_Childrens_Hospital
30110424.0,HC CC MSC AORTIC DYSFUNCTION DELETOIN/DUPLICATION ANALYSIS PANEL,81411,2447.0,2447.0,2447.0,2447.0,2250.32,APR-DRG,1957.78,1957.78,2202.3,2202.3,1835.25,2202.3,2250.32,Shodair_Childrens_Hospital
30110357.0,HC CC MSC ASHKENAZI JEWISH ASSOCIATED DISORDERS SEQUENCING PANEL,81412,4440.0,4440.0,4440.0,4440.0,0.0,APR-DRG,948.31,948.31,3996.0,3996.0,3330.0,3996.0,0,Shodair_Childrens_Hospital
30110417.0,HC CC MSC CARDIAC ION CHANNELOPATHIES SEQUENCING PANEL,81413,1309.0,1309.0,1309.0,1309.0,974.83,APR-DRG,1047.05,1047.05,1178.1000000000001,1178.1000000000001,981.75,1178.1000000000001,974.83,Shodair_Childrens_Hospital
30110418.0,HC CC MSC CARDIAC ION CHANNELOPATHIES DELETION/DUPLICATION ANALYSIS PANEL,81414,1309.0,1309.0,1309.0,1309.0,974.83,APR-DRG,1047.05,1047.05,1178.1000000000001,1178.1000000000001,981.75,1178.1000000000001,974.83,Shodair_Childrens_Hospital
31010184.0,HC CC MSC EXOME SEQUENCE ANALYSIS,81415,8700.0,8700.0,8700.0,8700.0,7966.67,APR-DRG,6931.0,6931.0,7830.0,7830.0,6525.0,7830.0,7966.67,Shodair_Childrens_Hospital
31010185.0,HC CC MSC COMPARATOR EXOME SEQUENCE ANALYSIS,81416,5000.0,5000.0,5000.0,5000.0,20000.0,APR-DRG,17400.0,17400.0,4500.0,4500.0,3750.0,4500.0,20000,Shodair_Childrens_Hospital
30110390.0,HC CC MSC EXOME REANALYSIS,81417,580.0,580.0,580.0,580.0,533.33,APR-DRG,464.0,464.0,522.0,522.0,435.0,522.0,533.33,Shodair_Childrens_Hospital
31000080.0,HC EPILEPSY GENOMIC SEQUENCE ANALYSIS PANEL,81419,3500.0,3500.0,3500.0,3500.0,0.0,APR-DRG,0.0,0.0,3150.0,3150.0,2625.0,3150.0,0,Shodair_Childrens_Hospital
30110758.0,HC CC MSC WHOLE GENOME SEQUENCING ANALYSIS,81425,6289.0,6289.0,6289.0,6289.0,0.0,APR-DRG,0.0,0.0,5660.1,5660.1,4716.75,5660.1,0,Shodair_Childrens_Hospital
30110432.0,HC CC MSC WHOLE GENOME SEQUENCING ADDITIONAL FAMILY MEMBER,81426,3387.0,3387.0,3387.0,3387.0,0.0,APR-DRG,0.0,0.0,3048.3,3048.3,2540.25,3048.3,0,Shodair_Childrens_Hospital
30110433.0,HC CC MSC WHOLE GENOME REANALYSIS,81427,2922.0,2922.0,2922.0,2922.0,0.0,APR-DRG,0.0,0.0,2629.8,2629.8,2191.5,2629.8,0,Shodair_Childrens_Hospital
30110755.0,HC CC MSC HEARING LOSS SEQUENCING PANEL,81430,2945.0,2945.0,2945.0,2945.0,2708.33,APR-DRG,2356.25,2356.25,2650.5,2650.5,2208.75,2650.5,2708.33,Shodair_Childrens_Hospital
30110410.0,HC CC MSC HEARING LOSS DELETION/DUPLICATION ANALYSIS PANEL,81431,1232.0,1232.0,1232.0,1232.0,1132.62,APR-DRG,985.38,985.38,1108.8,1108.8,924.0,1108.8,1132.62,Shodair_Childrens_Hospital
30110423.0,HC CC MSC HEREDITARY BREAST AND RELATED CANCER SEQUENCING PANEL,81432,1519.0,1519.0,1519.0,1519.0,0.0,APR-DRG,1215.58,1215.58,1367.1000000000001,1367.1000000000001,1139.25,1367.1000000000001,0,Shodair_Childrens_Hospital
30110406.0,HC CC MSC HEREDITARY BREAST AND RELATED CANCER DELETION/DUPLICATION ANALYSIS PANEL,81433,982.0,982.0,982.0,982.0,0.0,APR-DRG,785.74,785.74,883.8000000000001,883.8000000000001,736.5,883.8000000000001,0,Shodair_Childrens_Hospital
30110401.0,HC CC MSC HEREDITARY RETINAL DISORDERS SEQUENCING PANEL,81434,1084.0,1084.0,1084.0,1084.0,0.0,APR-DRG,866.97,866.97,975.6,975.6,813.0,975.6,0,Shodair_Childrens_Hospital
30110419.0,HC CC MSC HEREDITARY COLON CANCER SEQUENCING PANEL,81435,1309.0,1309.0,1309.0,1309.0,974.83,APR-DRG,1047.05,1047.05,1178.1000000000001,1178.1000000000001,981.75,1178.1000000000001,974.83,Shodair_Childrens_Hospital
30110420.0,HC CC MSC HEREDITARY COLON CANCER DELETION/DUPLICATION ANALYSIS PANEL,81436,1309.0,1309.0,1309.0,1309.0,974.83,APR-DRG,1047.05,1047.05,1178.1000000000001,1178.1000000000001,981.75,1178.1000000000001,974.83,Shodair_Childrens_Hospital
30110407.0,HC CC MSC HEREDITARY NEUROENDOCRINE TUMOR DISORDERS SEQUENCING PANEL,81437,982.0,982.0,982.0,982.0,0.0,APR-DRG,785.74,785.74,883.8000000000001,883.8000000000001,736.5,883.8000000000001,0,Shodair_Childrens_Hospital
30110408.0,HC CC MSC HEREDITARY NEUROENDOCRINE TUMOR DISORDERS DELETION/DUPLICATION ANALYSIS PANEL,81438,982.0,982.0,982.0,982.0,0.0,APR-DRG,785.74,785.74,883.8000000000001,883.8000000000001,736.5,883.8000000000001,0,Shodair_Childrens_Hospital
30110421.0,HC CC MSC HEREDITARY CARDIOMYOPATHY SEQUENCING PANEL,81439,1309.0,1309.0,1309.0,1309.0,974.83,APR-DRG,1047.05,1047.05,1178.1000000000001,1178.1000000000001,981.75,1178.1000000000001,974.83,Shodair_Childrens_Hospital
30110428.0,HC CC MSC NUCLEAR ENCODED MITOCHONDRIAL GENES SEQUENCING PANEL,81440,6025.0,6025.0,6025.0,6025.0,5540.0,APR-DRG,4819.8,4819.8,5422.5,5422.5,4518.75,5422.5,5540,Shodair_Childrens_Hospital
30110358.0,HC CC MSC NOONAN SPECTRUM DISORDERS SEQUENCING PANEL,81442,4353.0,4353.0,4353.0,4353.0,0.0,APR-DRG,948.31,948.31,3917.7000000000003,3917.7000000000003,3264.75,3917.7000000000003,0,Shodair_Childrens_Hospital
30110426.0,HC CC MSC SEVERE INHERITED DISORDERS SEQUENCING PANEL,81443,4438.0,4438.0,4438.0,4438.0,4080.93,APR-DRG,3550.41,3550.41,3994.2000000000003,3994.2000000000003,3328.5,3994.2000000000003,4080.93,Shodair_Childrens_Hospital
30110422.0,HC CC MSC HEREDITARY PERIPHERAL NEUROPATHIES SEQUENCING PANEL,81448,1309.0,1309.0,1309.0,1309.0,974.83,APR-DRG,1047.05,1047.05,1178.1000000000001,1178.1000000000001,981.75,1178.1000000000001,974.83,Shodair_Childrens_Hospital
30110435.0,HC CC MSC X-LINKED INTELLECTUAL DISABILITY SEQUENCING PANEL,81470,1143.0,1143.0,1143.0,1143.0,0.0,APR-DRG,0.0,0.0,1028.7,1028.7,857.25,1028.7,0,Shodair_Childrens_Hospital
30110436.0,HC CC MSC X-LINKED INTELLECTUAL DISABILITY DELETION/DUPLICATION ANALYSIS PANEL,81471,1143.0,1143.0,1143.0,1143.0,0.0,APR-DRG,0.0,0.0,1028.7,1028.7,857.25,1028.7,0,Shodair_Childrens_Hospital
30110437.0,HC CC MSC UNLISTED MOLECULAR PATHOLOGY PROCEDURE,81479,1275.0,1275.0,1275.0,1275.0,0.0,APR-DRG,0.0,0.0,1147.5,1147.5,956.25,1147.5,0,Shodair_Childrens_Hospital
30110751.0,HC CC MSC BRCA1 DELETION/DUPLICATION ANALYSIS,81666,0.0,0.0,0.0,0.0,0.0,APR-DRG,0.0,0.0,0.0,0.0,0.0,0.0,0,Shodair_Childrens_Hospital
31010813.0,HC CC MSC ASSAY OF ACETYLCHOLINESTERASE,82013,150.0,150.0,150.0,150.0,20.48,APR-DRG,20.0,20.0,135.0,135.0,112.5,135.0,20.48,Shodair_Childrens_Hospital
31010812.0,HC CC MSC ALPHA-FETOPROTEIN AMNIOTIC FLUID,82106,100.0,100.0,100.0,100.0,28.33,APR-DRG,30.03,30.03,90.0,90.0,75.0,90.0,28.33,Shodair_Childrens_Hospital
30013010.0,HC VITAMIN D 25 HYDROXY,82306,50.0,50.0,50.0,50.0,49.33,APR-DRG,53.0,53.0,45.0,45.0,37.5,45.0,49.33,Shodair_Childrens_Hospital
30112194.0,HC ASSAY BLD/SERUM CHOLESTEROL,82465,7.5,7.5,7.5,7.5,7.25,APR-DRG,7.79,7.79,6.75,6.75,5.625,6.75,7.25,Shodair_Childrens_Hospital
30015020.0,HC GLYCOSYLATED HEMOGLOBIN,83036,20.0,20.0,20.0,20.0,16.18,APR-DRG,17.39,17.39,18.0,18.0,15.0,18.0,16.18,Shodair_Childrens_Hospital
30014933.0,HC FREE T4,84439,20.0,20.0,20.0,20.0,15.03,APR-DRG,16.14,16.14,18.0,18.0,15.0,18.0,15.03,Shodair_Childrens_Hospital
97110192.0,HC PR 84443 ASSAY THYROID STIM HORMONE,84443,28.75,28.75,28.75,28.75,28.0,APR-DRG,30.09,30.09,25.875,25.875,21.5625,25.875,28,Shodair_Childrens_Hospital
30510029.0,HC COMPLETE CBC W/AUTO DIFF WBC,85025,13.13,13.13,13.13,13.13,12.95,APR-DRG,13.91,13.91,11.817,11.817,9.8475,11.817,12.95,Shodair_Childrens_Hospital
30200008.0,HC CC MSC HETEROPHILE ANTIBODIES SCREEN,86308,15.0,15.0,15.0,15.0,8.63,APR-DRG,9.27,9.27,13.5,13.5,11.25,13.5,8.63,Shodair_Childrens_Hospital
30010889.0,HC HERPES SIMPLEX 1 TEST,86695,40.0,40.0,40.0,40.0,21.98,APR-DRG,23.61,23.61,36.0,36.0,30.0,36.0,21.98,Shodair_Childrens_Hospital
30010903.0,HC HERPES SIMPLEX TYPE 2,86696,40.0,40.0,40.0,40.0,32.25,APR-DRG,34.66,34.66,36.0,36.0,30.0,36.0,32.25,Shodair_Childrens_Hospital
30011646.0,HC HEPATITIS B SURFACE ANTIGEN,87340,20.0,20.0,20.0,20.0,17.22,APR-DRG,18.49,18.49,18.0,18.0,15.0,18.0,17.22,Shodair_Childrens_Hospital
30600005.0,HC CC MSC INFECTIOUS AGENT DNA/RNA INFLUENZA 1ST 2 TYPES,87502,165.0,165.0,165.0,165.0,159.67,APR-DRG,152.34,152.34,148.5,148.5,123.75,148.5,159.67,Shodair_Childrens_Hospital
30610482.0,HC COVID-19 AMP PRB IN HOUSE TESTING 87635,87635,70.0,70.0,70.0,70.0,85.52,APR-DRG,51.31,51.31,63.0,63.0,52.5,63.0,85.52,Shodair_Childrens_Hospital
30610056.0,"HC STREP A DNA PROBE, AMPLIFICATION",87651,65.0,65.0,65.0,65.0,58.48,APR-DRG,62.83,62.83,58.5,58.5,48.75,58.5,58.48,Shodair_Childrens_Hospital
31010824.0,HC CC MSC NECROPSY GROSS EXAMINATION ONLY W/O CNS,88000,773.0,773.0,773.0,773.0,0.0,APR-DRG,702.85,,695.7,695.7,579.75,695.7,0,Shodair_Childrens_Hospital
31010825.0,HC CC MSC  NECROPSY GROSS EXAMINATION W/BRAIN,88005,870.0,870.0,870.0,870.0,0.0,APR-DRG,790.78,,783.0,783.0,652.5,783.0,0,Shodair_Childrens_Hospital
31010826.0,HC CC MSC NECROPSY GROSS EXAMINATION W/BRAIN&SPINAL CORD,88007,967.0,967.0,967.0,967.0,0.0,APR-DRG,878.71,,870.3000000000001,870.3000000000001,725.25,870.3000000000001,0,Shodair_Childrens_Hospital
31010827.0,HC CC MSC NECROPSY GROSS EXAMINATION INFANT W/BRAIN,88012,811.0,811.0,811.0,811.0,0.0,APR-DRG,737.44,,729.9,729.9,608.25,729.9,0,Shodair_Childrens_Hospital
31010830.0,HC CC MSC NECROPSY GROSS EXAM STILLBORN/NEWBORN W/BRAIN,88014,811.0,811.0,811.0,811.0,0.0,APR-DRG,737.44,,729.9,729.9,608.25,729.9,0,Shodair_Childrens_Hospital
31010831.0,HC CC MSC NECROPSY GROSS EXAM MACERATED STILLBORN,88016,773.0,773.0,773.0,773.0,0.0,APR-DRG,702.85,,695.7,695.7,579.75,695.7,0,Shodair_Childrens_Hospital
31010833.0,HC CC MSC  NECROPSY GROSS & MICROSCOPIC W/O CNS,88020,967.0,967.0,967.0,967.0,0.0,APR-DRG,878.71,,870.3000000000001,870.3000000000001,725.25,870.3000000000001,0,Shodair_Childrens_Hospital
31010834.0,HC CC MSC NECROPSY GROSS & MICROSCOPIC W/BRAIN,88025,1063.0,1063.0,1063.0,1063.0,0.0,APR-DRG,966.06,,956.7,956.7,797.25,956.7,0,Shodair_Childrens_Hospital
31010835.0,HC CC MSC  NECROPSY GROSS&MCRSCP BRAIN & SPINAL CORD,88027,1160.0,1160.0,1160.0,1160.0,0.0,APR-DRG,1054.57,,1044.0,1044.0,870.0,1044.0,0,Shodair_Childrens_Hospital
31010836.0,HC CC MSC NECROPSY GROSS & MICROSCOPIC INFANT W/BRAIN,88028,1005.0,1005.0,1005.0,1005.0,0.0,APR-DRG,913.3,,904.5,904.5,753.75,904.5,0,Shodair_Childrens_Hospital
31010837.0,HC CC MSC NECROPSY GROSS&MCRSCP STILLBORN/NEWBORN BRAIN,88029,1005.0,1005.0,1005.0,1005.0,0.0,APR-DRG,913.3,,904.5,904.5,753.75,904.5,0,Shodair_Childrens_Hospital
31010747.0,HC CC MSC FETAL PATHOLOGY,88036,945.0,945.0,945.0,945.0,0.0,APR-DRG,756.2,,850.5,850.5,708.75,850.5,0,Shodair_Childrens_Hospital
31010839.0,HC CC MSC  NECROPSY LIMITD GROSS&/MCRSCP SINGLE ORGAN,88037,400.0,400.0,400.0,400.0,0.0,APR-DRG,614.34,,360.0,360.0,300.0,360.0,0,Shodair_Childrens_Hospital
31010843.0,HC CC MSC  NECROPSY FORENSIC EXAMINATION,88040,400.0,400.0,400.0,400.0,0.0,APR-DRG,2284.42,,360.0,360.0,300.0,360.0,0,Shodair_Childrens_Hospital
31010844.0,HC CC MSC  NECROPSY CORONER CALL,88045,400.0,400.0,400.0,400.0,0.0,APR-DRG,0.0,,360.0,360.0,300.0,360.0,0,Shodair_Childrens_Hospital
31010845.0,HC CC MSC  UNLISTED NECROPSY PROCEDURE,88099,400.0,400.0,400.0,400.0,0.0,APR-DRG,0.0,,360.0,360.0,300.0,360.0,0,Shodair_Childrens_Hospital
31110102.0,HC CC MSC LYMPHOCYTE CULTURE,88230,300.0,300.0,300.0,300.0,194.15,APR-DRG,208.54,208.54,270.0,270.0,225.0,270.0,194.15,Shodair_Childrens_Hospital
31110103.0,HC CC MSC TISSUE CULTURE,88233,362.0,362.0,362.0,362.0,234.55,APR-DRG,251.92,251.92,325.8,325.8,271.5,325.8,234.55,Shodair_Childrens_Hospital
31110104.0,HC CC MSC TISSUE CULTURE FOR AMNIO OR CVS,88235,379.0,379.0,379.0,379.0,250.5,APR-DRG,263.62,263.62,341.1,341.1,284.25,341.1,250.5,Shodair_Childrens_Hospital
31110106.0,HC CC MSC BONE MARROW CULTURE,88237,399.0,399.0,399.0,399.0,239.58,APR-DRG,226.1,226.1,359.1,359.1,299.25,359.1,239.58,Shodair_Childrens_Hospital
31110107.0,HC CC MSC CELL BANKING,88240,36.0,36.0,36.0,36.0,21.78,APR-DRG,18.95,18.95,32.4,32.4,27.0,32.4,21.78,Shodair_Childrens_Hospital
31110108.0,HC CC MSC CELL RECOVERY,88241,36.0,36.0,36.0,36.0,20.15,APR-DRG,18.08,18.08,32.4,32.4,27.0,32.4,20.15,Shodair_Childrens_Hospital
31110035.0,HC CC MSC CHROMOSOME ANALYSIS 5 CELLS 1 KARYOTYPE,88261,479.0,479.0,479.0,479.0,440.57,APR-DRG,383.29,383.29,431.1,431.1,359.25,431.1,440.57,Shodair_Childrens_Hospital
31110109.0,"HC CC MSC CRHOMOSOME ANALYSIS, COUNT 15-20 CELLS, 2 KARYOTYPES",88262,321.0,321.0,321.0,321.0,209.15,APR-DRG,223.13,223.13,288.90000000000003,288.90000000000003,240.75,288.90000000000003,209.15,Shodair_Childrens_Hospital
31110036.0,HC CC MSC CHROMOSOME ANALYSIS 45 CELLS MOSAICISM 2 KARYOTYPE,88263,387.0,387.0,387.0,387.0,250.48,APR-DRG,269.03,269.03,348.3,348.3,290.25,348.3,250.48,Shodair_Childrens_Hospital
31110111.0,HC CC MSC BONE MARROW ANALYSIS,88264,494.0,494.0,494.0,494.0,241.02,APR-DRG,223.13,223.13,444.6,444.6,370.5,444.6,241.02,Shodair_Childrens_Hospital
31110112.0,HC CC MSC AMNIO OR CHORIO ANALY 15 CELLS,88267,462.0,462.0,462.0,462.0,314.28,APR-DRG,321.83,321.83,415.8,415.8,346.5,415.8,314.28,Shodair_Childrens_Hospital
31110113.0,HC CC MSC AMNIOTIC FLUID CELL ANALYSIS,88269,428.0,428.0,428.0,428.0,289.43,APR-DRG,297.74,297.74,385.2,385.2,321.0,385.2,289.43,Shodair_Childrens_Hospital
31110114.0,"HC CC MSC DNA PROBE, EACH",88271,37.0,37.0,37.0,37.0,35.7,APR-DRG,38.34,38.34,33.300000000000004,33.300000000000004,27.75,33.300000000000004,35.7,Shodair_Childrens_Hospital
31110115.0,"HC CC MSC MOLECULAR CYTOGENETICS, IN SITU INTERPHASE 10-30 CELLS",88273,72.0,72.0,72.0,72.0,58.02,APR-DRG,57.51,57.51,64.8,64.8,54.0,64.8,58.02,Shodair_Childrens_Hospital
31110116.0,"HC CC MSC MOLECULAR CYTOGENETICS, IN SITU INTERPHASE 25-99 CELLS",88274,105.0,105.0,105.0,105.0,70.63,APR-DRG,62.32,62.32,94.5,94.5,78.75,94.5,70.63,Shodair_Childrens_Hospital
31110118.0,"HC CC MSC MOLECULAR CYTOGENETICS, IN SITU INTERPHASE 100-300 CELLS",88275,93.0,93.0,93.0,93.0,85.32,APR-DRG,74.23,74.23,83.7,83.7,69.75,83.7,85.32,Shodair_Childrens_Hospital
31110119.0,HC CC MSC CHROMOSOME ANALYSIS ADDITIONAL KARYOTYPES,88280,65.0,65.0,65.0,65.0,55.78,APR-DRG,48.53,48.53,58.5,58.5,48.75,58.5,55.78,Shodair_Childrens_Hospital
31110122.0,HC CC MSC CHROMOSOME ANALYSIS ADDITIONAL CELLS COUNTED,88285,50.0,50.0,50.0,50.0,44.85,APR-DRG,39.02,39.02,45.0,45.0,37.5,45.0,44.85,Shodair_Childrens_Hospital
77110004.0,HC ADMIN PNEUMOCOCCAL VACCINE,90471,43.0,43.0,43.0,43.0,0.0,APR-DRG,23.45,23.33,38.7,38.7,32.25,38.7,0,Shodair_Childrens_Hospital
77110002.0,HC IMMUNIZATION ADMIN EACH ADD,90472,26.0,26.0,26.0,26.0,0.0,APR-DRG,21.1,21.0,23.400000000000002,23.400000000000002,19.5,23.400000000000002,0,Shodair_Childrens_Hospital
96110069.0,HC PR 90791 PSYCHIATRIC DIAGNOSTIC EVALUATION,90791,295.0,295.0,295.0,295.0,5.177,APR-DRG,236.24,206.45,265.5,265.5,221.25,265.5,5.177,Shodair_Childrens_Hospital
96110070.0,HC PR 90792 PSYCHIATRIC DIAGNOSTIC EVAL W/MEDICAL SERVICES,90792,327.0,327.0,327.0,327.0,5.777,APR-DRG,261.45,230.95,294.3,294.3,245.25,294.3,5.777,Shodair_Childrens_Hospital
96110059.0,HC PR 90832 PSYCHOTHERAPY W/PATIENT 30 MINUTES,90832,130.0,130.0,130.0,130.0,2.229,APR-DRG,115.48,103.23,117.0,117.0,97.5,117.0,2.229,Shodair_Childrens_Hospital
96110060.0,HC PR 90833 PSYCHOTHERAPY W/PATIENT W/E&M SRVCS 30 MIN,90833,133.0,133.0,133.0,133.0,2.039,APR-DRG,118.41,107.31,119.7,119.7,99.75,119.7,2.039,Shodair_Childrens_Hospital
96110061.0,HC PR 90834 PSYCHOTHERAPY W/PATIENT 45 MINUTES,90834,173.0,173.0,173.0,173.0,2.958,APR-DRG,153.58,137.64,155.70000000000002,155.70000000000002,129.75,155.70000000000002,2.958,Shodair_Childrens_Hospital
96110062.0,HC PR 90836 PSYCHOTHERAPY W/PATIENT W/E&M SRVCS 45 MIN,90836,170.0,170.0,170.0,170.0,2.579,APR-DRG,150.07,135.89,153.0,153.0,127.5,153.0,2.579,Shodair_Childrens_Hospital
96110063.0,HC PR 90837 PSYCHOTHERAPY W/PATIENT 60 MINUTES,90837,259.0,259.0,259.0,259.0,4.367,APR-DRG,229.79,205.87,233.1,233.1,194.25,233.1,4.367,Shodair_Childrens_Hospital
96110064.0,HC PR 90838 PSYCHOTHERAPY W/PATIENT W/E&M SRVCS 60 MIN,90838,233.0,233.0,233.0,233.0,3.418,APR-DRG,196.96,178.46,209.70000000000002,209.70000000000002,174.75,209.70000000000002,3.418,Shodair_Childrens_Hospital
96110065.0,HC PR 90839 PSYCHOTHERAPY FOR CRISIS INITIAL 60 MIN,90839,280.0,280.0,280.0,280.0,4.157,APR-DRG,239.76,215.2,252.0,252.0,210.0,252.0,4.157,Shodair_Childrens_Hospital
96110066.0,HC PR 90840 PSYCHOTHERAPY FOR CRISIS EACH ADDL 30 MIN,90840,135.0,135.0,135.0,135.0,1.969,APR-DRG,114.9,103.23,121.5,121.5,101.25,121.5,1.969,Shodair_Childrens_Hospital
96110037.0,HC PR 90846 FAMILY PSYCHOTHERAPY W/O PATIENT PRESENT 50 MINS,90846,209.0,209.0,209.0,209.0,2.838,APR-DRG,168.24,166.21,188.1,188.1,156.75,188.1,2.838,Shodair_Childrens_Hospital
96110046.0,HC PR 90847 FAMILY PSYCHOTHERAPY W/PATIENT PRESENT 50 MINS,90847,218.0,218.0,218.0,218.0,2.938,APR-DRG,174.1,172.63,196.20000000000002,196.20000000000002,163.5,196.20000000000002,2.938,Shodair_Childrens_Hospital
96110058.0,HC PR 90849 MULTIPLE FAMILY GROUP PSYTX,90849,75.0,75.0,75.0,75.0,1.01,APR-DRG,59.79,47.82,67.5,67.5,56.25,67.5,1.01,Shodair_Childrens_Hospital
91510006.0,HC GROUP PSYCHOTHERAPY 60 MIN,90853,57.0,57.0,57.0,57.0,0.79,APR-DRG,45.72,40.82,51.300000000000004,51.300000000000004,42.75,51.300000000000004,0.79,Shodair_Childrens_Hospital
96910452.0,HC PR 90882 ENVIRONMENTAL MANIPULATION,90882,148.0,148.0,148.0,148.0,0.0,APR-DRG,1.76,1.75,133.20000000000002,133.20000000000002,111.0,133.20000000000002,0,Shodair_Childrens_Hospital
96110165.0,HC PR 90885 PSYCHIATRIC EVAL HOSPITAL RECORDS DX PURPOSES,90885,156.0,156.0,156.0,156.0,0.0,APR-DRG,83.83,83.4,140.4,140.4,117.0,140.4,0,Shodair_Childrens_Hospital
96110166.0,HC PR 90887 INTERP/EXPLNA RESULTS PSYCHIATRIC EXAM FAMILY,90887,157.0,157.0,157.0,157.0,0.0,APR-DRG,146.55,125.97,141.3,141.3,117.75,141.3,0,Shodair_Childrens_Hospital
44010016.0,HC SPEECH/HEARING THERAPY - INDIV,92507,166.0,166.0,166.0,166.0,2.239,APR-DRG,131.9,131.22,149.4,149.4,124.5,149.4,2.239,Shodair_Childrens_Hospital
44010017.0,HC SPEECH/HEARING THERAPY - GRP 15 MIN,92508,48.0,48.0,48.0,48.0,0.69,APR-DRG,39.86,39.66,43.2,43.2,36.0,43.2,0.69,Shodair_Childrens_Hospital
44410063.0,HC EVALUATION OF SPEECH FLUENCY,92521,235.0,235.0,235.0,235.0,3.918,APR-DRG,188.17,187.21,211.5,211.5,176.25,211.5,3.918,Shodair_Childrens_Hospital
44410064.0,HC EVALUATE SPEECH PRODUCTION,92522,191.0,191.0,191.0,191.0,3.278,APR-DRG,153.58,152.8,171.9,171.9,143.25,171.9,3.278,Shodair_Childrens_Hospital
44010126.0,HC SPEECH SOUND LANG COMPREHEN,92523,403.0,403.0,403.0,403.0,6.737,APR-DRG,322.41,320.76,362.7,362.7,302.25,362.7,6.737,Shodair_Childrens_Hospital
44010127.0,HC BEHAVRAL QUALIT ANALYS VOICE,92524,188.0,188.0,188.0,188.0,3.208,APR-DRG,150.07,149.3,169.20000000000002,169.20000000000002,141.0,169.20000000000002,3.208,Shodair_Childrens_Hospital
44010042.0,HC ORAL FUNCTION THERAPY,92526,155.0,155.0,155.0,155.0,2.479,APR-DRG,145.38,144.63,139.5,139.5,116.25,139.5,2.479,Shodair_Childrens_Hospital
47010012.0,HC HEARING AID CHECK MONAURAL,92592,35.0,35.0,35.0,35.0,0.0,APR-DRG,28.14,27.99,31.5,31.5,26.25,31.5,0,Shodair_Childrens_Hospital
47010013.0,HC HEARING AID CHECK BINAUARAL,92593,51.0,51.0,51.0,51.0,0.0,APR-DRG,41.03,40.82,45.9,45.9,38.25,45.9,0,Shodair_Childrens_Hospital
44010055.0,HC NON-SPEECH DEVICE SERVICE,92606,150.0,150.0,150.0,150.0,0.0,APR-DRG,140.1,119.56,135.0,135.0,112.5,135.0,0,Shodair_Childrens_Hospital
44410022.0,HC EX FOR SPEECH DEVICE RX 1HR,92607,271.0,271.0,271.0,271.0,3.659,APR-DRG,214.55,213.45,243.9,243.9,203.25,243.9,3.659,Shodair_Childrens_Hospital
44410025.0,HC EX FOR SPEECH DEVICE RX EA ADDL 30 MIN,92608,109.0,109.0,109.0,109.0,1.469,APR-DRG,86.17,85.73,98.10000000000001,98.10000000000001,81.75,98.10000000000001,1.469,Shodair_Childrens_Hospital
44010125.0,HC EVALUATE SWALLOWING FUNCTION - BEDSIDE,92610,150.0,150.0,150.0,150.0,3.059,APR-DRG,144.79,120.72,135.0,135.0,112.5,135.0,3.059,Shodair_Childrens_Hospital
73010002.0,HC ECG 12 LEAD TRACING ONLY,93005,18.0,18.0,18.0,18.0,2.479,APR-DRG,14.07,14.0,16.2,16.2,13.5,16.2,2.479,Shodair_Childrens_Hospital
98510001.0,HC PR 93010 ECG 12 LEAD INTERP & REPT ONLY,93010,18.0,18.0,18.0,18.0,0.0,APR-DRG,14.07,14.0,16.2,16.2,13.5,16.2,0,Shodair_Childrens_Hospital
98310488.0,HC PR 96040 MED GENETIC COUNSEL 30 MIN,96040,82.0,82.0,82.0,82.0,0.0,APR-DRG,75.62,75.23,73.8,73.8,61.5,73.8,0,Shodair_Childrens_Hospital
96910005.0,HC PR 96110 DEVELOPMENTAL TEST LIM,96110,30.0,30.0,30.0,30.0,0.29,APR-DRG,16.41,16.33,27.0,27.0,22.5,27.0,0.29,Shodair_Childrens_Hospital
96110092.0,HC PR 96112 DEVELOPMENTAL TST ADMIN PHYS/QHP 1ST HOUR,96112,285.0,285.0,285.0,285.0,3.767,APR-DRG,228.03,212.28,256.5,256.5,213.75,256.5,3.767,Shodair_Childrens_Hospital
96110093.0,HC PR 96113 DEVELOPMENTAL TST ADMIN PHYS/QHP EA ADDL 30 MIN,96113,127.0,127.0,127.0,127.0,1.679,APR-DRG,102.0,96.23,114.3,114.3,95.25,114.3,1.679,Shodair_Childrens_Hospital
96010049.0,HC PR 96116 NEUROBEHAVIORAL STATUS XM PHYS/QHP 1ST HOUR,96116,201.0,201.0,201.0,201.0,2.778,APR-DRG,161.79,139.97,180.9,180.9,150.75,180.9,2.778,Shodair_Childrens_Hospital
96110094.0,HC PR 96121 NEUROBEHAVIORAL STATUS XM PHYS/QHP EA ADDL HOUR,96121,174.0,174.0,174.0,174.0,2.358,APR-DRG,140.1,129.47,156.6,156.6,130.5,156.6,2.358,Shodair_Childrens_Hospital
96110077.0,HC PR 96127 BRIEF EMOTIONAL/BEHAV ASSMT,96127,25.0,25.0,25.0,25.0,0.14,APR-DRG,8.21,8.16,22.5,22.5,18.75,22.5,0.14,Shodair_Childrens_Hospital
96110095.0,HC PR 96130 PSYCHOLOGICAL TST EVAL SVC PHYS/QHP FIRST HOUR,96130,250.0,250.0,250.0,250.0,3.457,APR-DRG,198.14,179.63,225.0,225.0,187.5,225.0,3.457,Shodair_Childrens_Hospital
96110096.0,HC PR 96131 PSYCHOLOGICAL TST EVAL SVC PHYS/QHP EA ADDL HOUR,96131,190.0,190.0,190.0,190.0,2.618,APR-DRG,152.41,138.22,171.0,171.0,142.5,171.0,2.618,Shodair_Childrens_Hospital
96110097.0,HC PR 96132 NEUROPSYCHOLOGICAL TST EVAL PHYS/QHP 1ST HOUR,96132,276.0,276.0,276.0,276.0,3.818,APR-DRG,221.58,177.29,248.4,248.4,207.0,248.4,3.818,Shodair_Childrens_Hospital
96110098.0,HC PR 96133 NEUROPSYCHO LOGICAL TST EVAL PHYS/QHP EA ADDL HR,96133,208.0,208.0,208.0,208.0,2.979,APR-DRG,166.48,136.47,187.20000000000002,187.20000000000002,156.0,187.20000000000002,2.979,Shodair_Childrens_Hospital
96110120.0,HC PR 96136 PSYL/NRPSYCL TST PHYS/QHP 2+ TST 1ST 30 MIN,96136,100.0,100.0,100.0,100.0,1.339,APR-DRG,77.96,40.82,90.0,90.0,75.0,90.0,1.339,Shodair_Childrens_Hospital
96110121.0,HC PR 96137 PSYCL/NRPSYCL TST PHYS/QHP 2+ TST EA ADDL 30 MIN,96137,100.0,100.0,100.0,100.0,1.2,APR-DRG,71.52,32.08,90.0,90.0,75.0,90.0,1.2,Shodair_Childrens_Hospital
96110122.0,HC PR 96138 PSYCL/NRPSYCL TST TECH 2+ TST 1ST 30 MIN,96138,78.0,78.0,78.0,78.0,1.07,APR-DRG,62.72,62.4,70.2,70.2,58.5,70.2,1.07,Shodair_Childrens_Hospital
96110123.0,HC PR 96110123 PSYCL/NRPSYCL TST TECH 2+ TST EA ADDL 30 MIN,96139,75.0,75.0,75.0,75.0,1.07,APR-DRG,62.72,62.4,67.5,67.5,56.25,67.5,1.07,Shodair_Childrens_Hospital
96110124.0,HC PR 96146 PSYCL/NRPSYCL TST ELEC PLATFORM AUTO RESULT,96146,10.0,10.0,10.0,10.0,0.06,APR-DRG,3.52,3.5,9.0,9.0,7.5,9.0,0.06,Shodair_Childrens_Hospital
42010131.0,"HC THERAPEUTIC EXERCISES, EA 15 MIN",97110,65.0,65.0,65.0,65.0,0.87,APR-DRG,50.74,50.74,58.5,58.5,48.75,58.5,0.87,Shodair_Childrens_Hospital
42010139.0,"HC NEUROMUSCULAR REEDUCATION, EA 15 MIN",97112,75.0,75.0,75.0,75.0,1.01,APR-DRG,58.32,58.32,67.5,67.5,56.25,67.5,1.01,Shodair_Childrens_Hospital
98311057.0,HC PR 97129 THER IVNTJ COG FUNCJ CNTCT 1ST 15 MINUTES CDM,97129,113.0,113.0,113.0,113.0,0.67,APR-DRG,39.66,39.07,101.7,101.7,84.75,101.7,0.67,Shodair_Childrens_Hospital
43410045.0,HC OT EVALUATION LOW COMPLEX,97165,200.0,200.0,200.0,200.0,2.829,APR-DRG,150.47,150.47,180.0,180.0,150.0,180.0,2.829,Shodair_Childrens_Hospital
43410046.0,HC OT EVALUATION MOD COMPLEXITY,97166,200.0,200.0,200.0,200.0,2.829,APR-DRG,149.88,149.88,180.0,180.0,150.0,180.0,2.829,Shodair_Childrens_Hospital
43410047.0,HC OT EVALUATION HIGH COMPLEX,97167,200.0,200.0,200.0,200.0,2.829,APR-DRG,149.88,149.88,180.0,180.0,150.0,180.0,2.829,Shodair_Childrens_Hospital
43410048.0,HC OT RE-EVALUATION ESTABLISHED PLAN OF CARE,97168,150.0,150.0,150.0,150.0,1.909,APR-DRG,103.81,103.81,135.0,135.0,112.5,135.0,1.909,Shodair_Childrens_Hospital
42010160.0,"HC THERAPEUTIC ACTIVITIES, EA 15 MIN",97530,100.0,100.0,100.0,100.0,1.13,APR-DRG,65.65,65.32,90.0,90.0,75.0,90.0,1.13,Shodair_Childrens_Hospital
43010007.0,"HC SENSORY INTEGRATION, EA 15 MIN",97533,108.0,108.0,108.0,108.0,0.0,APR-DRG,86.17,85.73,97.2,97.2,81.0,97.2,0,Shodair_Childrens_Hospital
43010008.0,"HC SELF CARE MNGMENT TRAINING, EA 15 MIN",97535,100.0,100.0,100.0,100.0,0.0,APR-DRG,56.86,56.57,90.0,90.0,75.0,90.0,0,Shodair_Childrens_Hospital
43010014.0,"HC COMMUNITY/WORK REINTEGRATION, EA 15 MIN",97537,100.0,100.0,100.0,100.0,0.93,APR-DRG,54.52,54.24,90.0,90.0,75.0,90.0,0.93,Shodair_Childrens_Hospital
94210001.0,HC MEDICAL NUTRITION INDIV INIT EA 15 MIN,97802,78.0,78.0,78.0,78.0,1.08,APR-DRG,62.14,55.99,70.2,70.2,58.5,70.2,1.08,Shodair_Childrens_Hospital
94210013.0,HC MED NUTRITION INDIV SUBSEQ EA 15 MIN,97803,68.0,68.0,68.0,68.0,0.93,APR-DRG,53.93,47.24,61.2,61.2,51.0,61.2,0.93,Shodair_Childrens_Hospital
94210049.0,HC MEDICAL NUTRITION GROUP EA 30 MIN,97804,35.0,35.0,35.0,35.0,0.49,APR-DRG,28.14,26.24,31.5,31.5,26.25,31.5,0.49,Shodair_Childrens_Hospital
96910959.0,HC PR 98966 PHONE ASSESSMENT BY NONPHYSICIAN 5-10 MIN CDM,98966,75.0,75.0,75.0,75.0,0.4,APR-DRG,52.25,29.8,67.5,67.5,56.25,67.5,0.4,Shodair_Childrens_Hospital
96910960.0,HC PR 98967 PHONE ASSESSMENT BY NONPHYSICIAN 11-20 MIN CDM,98967,135.0,135.0,135.0,135.0,0.769,APR-DRG,96.11,59.19,121.5,121.5,101.25,121.5,0.769,Shodair_Childrens_Hospital
96910961.0,HC PR 98968 PHONE ASSESSMENT BY NONPHYSICIAN 21-30 MIN CDM,98968,185.0,185.0,185.0,185.0,1.129,APR-DRG,145.74,91.04,166.5,166.5,138.75,166.5,1.129,Shodair_Childrens_Hospital
99010223.0,HC CC MSC SPECIAL SEND OUT TESTING,99010223,0.0,0.0,0.0,0.0,0.0,APR-DRG,0.0,0.0,0.0,0.0,0.0,0.0,0,Shodair_Childrens_Hospital
99010224.0,HC CC MSC CYTO NO GROWTH NO CHARGE,99010224,0.0,0.0,0.0,0.0,0.0,APR-DRG,0.0,0.0,0.0,0.0,0.0,0.0,0,Shodair_Childrens_Hospital
99010225.0,HC CC MSC FISH NO GROWTH NO CHARGE,99010225,0.0,0.0,0.0,0.0,0.0,APR-DRG,0.0,0.0,0.0,0.0,0.0,0.0,0,Shodair_Childrens_Hospital
99010226.0,HC CC MSC CONFIRMATIONS - NO CHARGE,99010226,0.0,0.0,0.0,0.0,0.0,APR-DRG,0.0,0.0,0.0,0.0,0.0,0.0,0,Shodair_Childrens_Hospital
99012348.0,HC SURGICAL OBSERVATION (EA HOUR) (STAT ONLY),99012348,0.0,0.0,0.0,0.0,0.0,APR-DRG,0.0,0.0,0.0,0.0,0.0,0.0,0,Shodair_Childrens_Hospital
96910001.0,HC PR 99075 MEDICAL TESTIMONY,99075,330.0,330.0,330.0,330.0,0.0,APR-DRG,221.62,221.62,297.0,297.0,247.5,297.0,0,Shodair_Childrens_Hospital
98310002.0,HC PR 99202 NEW PT VISIT - LEVEL 2,99202,157.0,157.0,157.0,157.0,88.7,59.8,125.45,83.4,141.3,141.3,117.75,141.3,88.7,Shodair_Childrens_Hospital
98310003.0,HC PR 99203 NEW PT VISIT - LEVEL 3,99203,222.0,222.0,222.0,222.0,136.4,101.22,177.62,124.8,199.8,199.8,166.5,199.8,136.4,Shodair_Childrens_Hospital
98310004.0,HC PR 99204 NEW PT VISIT - LEVEL 4,99204,350.0,350.0,350.0,350.0,203.75,164.8,271.41,213.45,315.0,315.0,262.5,315.0,203.75,Shodair_Childrens_Hospital
98310005.0,HC PR 99205 NEW PT VISIT - LEVEL 5,99205,430.0,430.0,430.0,430.0,269.0,223.76,342.93,278.77,387.0,387.0,322.5,387.0,269,Shodair_Childrens_Hospital
98310006.0,HC PR 99211 ESTAB PT VISIT - LEVEL 1,99211,50.0,50.0,50.0,50.0,27.64,10.89,37.91,15.16,45.0,45.0,37.5,45.0,27.64,Shodair_Childrens_Hospital
98310007.0,HC PR 99212 ESTAB PT VISIT - LEVEL 2,99212,94.0,94.0,94.0,94.0,68.22,43.51,74.65,42.57,84.60000000000001,84.60000000000001,70.5,84.60000000000001,68.22,Shodair_Childrens_Hospital
98310008.0,HC PR 99213 ESTAB PT VISIT - LEVEL 3,99213,155.0,155.0,155.0,155.0,110.9,81.58,123.06,84.56,139.5,139.5,116.25,139.5,110.9,Shodair_Childrens_Hospital
98310009.0,HC PR 99214 ESTAB PT VISIT - LEVEL 4,99214,225.0,225.0,225.0,225.0,157.34,120.49,178.46,130.05,202.5,202.5,168.75,202.5,157.34,Shodair_Childrens_Hospital
98310010.0,HC PR 99215 ESTAB PT VISIT - LEVEL 5,99215,301.0,301.0,301.0,301.0,219.66,177.36,239.7,183.71,270.90000000000003,270.90000000000003,225.75,270.90000000000003,219.66,Shodair_Childrens_Hospital
98710005.0,HC PR 99221 INITIAL HOSPITAL CARE LEVEL 1,99221,213.0,213.0,213.0,213.0,121.24,121.24,167.96,167.96,191.70000000000002,191.70000000000002,159.75,191.70000000000002,121.24,Shodair_Childrens_Hospital
98710006.0,HC PR 99222 INITIAL HOSPITAL CARE LEVEL 2,99222,289.0,289.0,289.0,289.0,163.12,163.12,226.86,226.86,260.1,260.1,216.75,260.1,163.12,Shodair_Childrens_Hospital
98710007.0,HC PR 99223 INITIAL HOSPITAL CARE LEVEL 3,99223,425.0,425.0,425.0,425.0,240.14,240.14,333.01,333.01,382.5,382.5,318.75,382.5,240.14,Shodair_Childrens_Hospital
98710011.0,HC PR 99231 SUBSEQUENT HOSPITAL CARE LEVEL 1,99231,81.0,81.0,81.0,81.0,46.03,46.03,64.74,64.74,72.9,72.9,60.75,72.9,46.03,Shodair_Childrens_Hospital
98710012.0,HC PR 99232 SUBSEQUENT HOSPITAL CARE LEVEL 2,99232,151.0,151.0,151.0,151.0,86.19,86.19,118.97,118.97,135.9,135.9,113.25,135.9,86.19,Shodair_Childrens_Hospital
98710013.0,HC PR 99233 SUBSEQUENT HOSPITAL CARE LEVEL 3,99233,216.0,216.0,216.0,216.0,123.84,123.84,171.46,171.46,194.4,194.4,162.0,194.4,123.84,Shodair_Childrens_Hospital
98710024.0,HC PR 99234 OBSERV/HOSP SAME DATE/LOW CMPLX,99234,289.0,289.0,289.0,289.0,157.68,157.68,219.87,219.87,260.1,260.1,216.75,260.1,157.68,Shodair_Childrens_Hospital
98710026.0,HC PR 99236 OBSERV/HOSP SAME DATE/HIGH CMPLX,99236,450.0,450.0,450.0,450.0,257.27,257.27,358.08,358.08,405.0,405.0,337.5,405.0,257.27,Shodair_Childrens_Hospital
98710017.0,HC PR 99238 HOSPITAL DISCHARGE DAY < 30 MINUTES,99238,196.0,196.0,196.0,196.0,86.61,86.61,120.14,120.14,176.4,176.4,147.0,176.4,86.61,Shodair_Childrens_Hospital
98710018.0,HC PR 99239 HOSPITAL DISCHARGE DAY > 30 MINUTES,99239,268.0,268.0,268.0,268.0,127.61,127.61,176.13,176.13,241.20000000000002,241.20000000000002,201.0,241.20000000000002,127.61,Shodair_Childrens_Hospital
98810001.0,HC PR 99241 OFFICE CONSULTATION LEVEL 1,99241,99.0,99.0,99.0,99.0,0.0,0,0.0,0.0,89.10000000000001,89.10000000000001,74.25,89.10000000000001,0,Shodair_Childrens_Hospital
98810002.0,HC PR 99242 OFFICE CONSULTATION LEVEL 2,99242,186.0,186.0,186.0,186.0,0.0,0,0.0,0.0,167.4,167.4,139.5,167.4,0,Shodair_Childrens_Hospital
98810003.0,HC PR 99243 OFFICE CONSULTATION LEVEL 3,99243,255.0,255.0,255.0,255.0,0.0,0,0.0,0.0,229.5,229.5,191.25,229.5,0,Shodair_Childrens_Hospital
98810004.0,HC PR 99244 OFFICE CONSULTATION LEVEL 4,99244,383.0,383.0,383.0,383.0,0.0,0,0.0,0.0,344.7,344.7,287.25,344.7,0,Shodair_Childrens_Hospital
98810005.0,HC PR 99245 OFFICE CONSULTATION LEVEL 5,99245,466.0,466.0,466.0,466.0,0.0,0,0.0,0.0,419.40000000000003,419.40000000000003,349.5,419.40000000000003,0,Shodair_Childrens_Hospital
98810006.0,HC PR 99251 INPATIENT CONSULTATION LEVEL 1,99251,103.0,103.0,103.0,103.0,0.0,0,0.0,0.0,92.7,92.7,77.25,92.7,0,Shodair_Childrens_Hospital
98810007.0,HC PR 99252 INPATIENT CONSULTATION LEVEL 2,99252,180.0,180.0,180.0,180.0,0.0,0,0.0,0.0,162.0,162.0,135.0,162.0,0,Shodair_Childrens_Hospital
98810008.0,HC PR 99253 INPATIENT CONSULTATION LEVEL 3,99253,271.0,271.0,271.0,271.0,0.0,0,0.0,0.0,243.9,243.9,203.25,243.9,0,Shodair_Childrens_Hospital
98810009.0,HC PR 99254 INPATIENT CONSULTATION LEVEL 4,99254,350.0,350.0,350.0,350.0,0.0,0,0.0,0.0,315.0,315.0,262.5,315.0,0,Shodair_Childrens_Hospital
98810010.0,HC PR 99255 INPATIENT CONSULTATION LEVEL 5,99255,423.0,423.0,423.0,423.0,0.0,0,0.0,0.0,380.7,380.7,317.25,380.7,0,Shodair_Childrens_Hospital
96910126.0,HC PR 99354 PROLONGED SERVICE OFFICE FIRST HOUR,99354,268.0,268.0,268.0,268.0,3.697,3.457,213.45,200.62,241.20000000000002,241.20000000000002,201.0,241.20000000000002,3.697,Shodair_Childrens_Hospital
96910127.0,HC PR 99355 PROLONGED SERVICE OFFICE EA ADD 30MIN,99355,203.0,203.0,203.0,203.0,2.757,2.547,162.13,151.05,182.70000000000002,182.70000000000002,152.25,182.70000000000002,2.757,Shodair_Childrens_Hospital
96910128.0,HC PR 99356 PROLONGED SERVICE INPATIENT FIRST HOUR,99356,191.0,191.0,191.0,191.0,2.617,2.617,152.22,152.22,171.9,171.9,143.25,171.9,2.617,Shodair_Childrens_Hospital
96910129.0,HC PR 99357 PROLONGED SERVICE INPATIENT EA ADD 30MIN,99357,192.0,192.0,192.0,192.0,2.627,2.627,153.38,153.38,172.8,172.8,144.0,172.8,2.627,Shodair_Childrens_Hospital
96910130.0,HC PR 99358 PROLONG SERVICE W/O CONTACT FIRST HOUR,99358,244.0,244.0,244.0,244.0,3.197,3.197,183.71,183.71,219.6,219.6,183.0,219.6,3.197,Shodair_Childrens_Hospital
96910131.0,HC PR 99359 PROLONGED SERVICE NON FACE TO FACE CONTACT EA ADD'L 30 MIN,99359,123.0,123.0,123.0,123.0,1.529,1.529,89.81,89.81,110.7,110.7,92.25,110.7,1.529,Shodair_Childrens_Hospital
96910134.0,HC PR 99366 TEAM CONF W/PAT BY HC PRO,99366,88.0,88.0,88.0,88.0,0.0,0,72.32,71.15,79.2,79.2,66.0,79.2,0,Shodair_Childrens_Hospital
96910135.0,HC PR 99367 TEAM CONF W/O PAT BY PHYS,99367,117.0,117.0,117.0,117.0,0.0,0,93.9,93.9,105.3,105.3,87.75,105.3,0,Shodair_Childrens_Hospital
96910136.0,HC PR 99368 TEAM CONF W/O PAT BY HC PRO,99368,76.0,76.0,76.0,76.0,0.0,0,61.82,61.82,68.4,68.4,57.0,68.4,0,Shodair_Childrens_Hospital
98300184.0,HC PR 99417 PROLONGED OFFICE/OUTPATIENT E/M SVC EA 15 MIN CDM,99417,60.0,60.0,60.0,60.0,0.0,0,0.0,0.0,54.0,54.0,45.0,54.0,0,Shodair_Childrens_Hospital
96910185.0,HC PR 99441 PHONE E/M BY PHYS 5-10 MIN,99441,75.0,75.0,75.0,75.0,1.629,1.039,52.25,29.8,67.5,67.5,56.25,67.5,1.629,Shodair_Childrens_Hospital
96910188.0,HC PR 99442 PHONE E/M BY PHYS 11-20 MIN,99442,135.0,135.0,135.0,135.0,2.657,1.957,96.11,59.19,121.5,121.5,101.25,121.5,2.657,Shodair_Childrens_Hospital
96910190.0,HC PR 99443 PHONE E/M BY PHYS 21-30 MIN,99443,185.0,185.0,185.0,185.0,3.767,2.887,145.74,91.04,166.5,166.5,138.75,166.5,3.767,Shodair_Childrens_Hospital
63610335.0,HC PR RX ETONOGESTREL IMPLANT 1 EA,J7307,1230.0,1230.0,1230.0,1230.0,1030.64,1030.64,1061.5592,1061.5592,1107.0,1107.0,922.5,1107.0,1030.64,Shodair_Childrens_Hospital
,INITIAL NEW PATIENT PREVENTIVE MEDICINE EVALUATION (18-39 YEARS),99385,,,,,,,,,,,,,,Shodair_Childrens_Hospital
,INITIAL NEW PATIENT PREVENTIVE MEDICINE EVALUATION (40-64 YEARS) ,99386,,,,,,,,,,,,,,Shodair_Childrens_Hospital
,BASIC METABOLIC PANEL,80043,,,,,,,,,,,,,,Shodair_Childrens_Hospital
,OBSTETRIC BLOOD TEST PANEL,80055,,,,,,,,,,,,,,Shodair_Childrens_Hospital
,KIDNEY FUNCTION PANEL TEST,80069,,,,,,,,,,,,,,Shodair_Childrens_Hospital
,MANUAL URINALYSIS TEST WITH EXAMINATION USING MICROSCOPE,81000,,,,,,,,,,,,,,Shodair_Childrens_Hospital
,AUTOMATED URINALYSIS TEST,81002,,,,,,,,,,,,,,Shodair_Childrens_Hospital
,PSA (PROSTATE SPECIFIC ANITGEN),84153,,,,,,,,,,,,,,Shodair_Childrens_Hospital
,"COMPLETE BLOOD CELL COUNT, AUTOMATED",85027,,,,,,,,,,,,,,Shodair_Childrens_Hospital
,"BLOOD TEST, CLOTTING TIME",85610,,,,,,,,,,,,,,Shodair_Childrens_Hospital
,COAGULATION ASSESSMENT BLOOD TEST,85730,,,,,,,,,,,,,,Shodair_Childrens_Hospital
,"CT SCAN, HEAD OR BRAIN, WITHOUT CONTRAST",70450,,,,,,,,,,,,,,Shodair_Childrens_Hospital
,MRI SCAN OF BRAIN BEFORE AND AFTER CONTRAST,70553,,,,,,,,,,,,,,Shodair_Childrens_Hospital
,"X-RAY, LOWER BACK, MINIMUM OF FOUR VIEWS",72110,,,,,,,,,,,,,,Shodair_Childrens_Hospital
,MRI SCAN OF LOWER SPINAL CANAL,72148,,,,,,,,,,,,,,Shodair_Childrens_Hospital
,"CT SCAN, PELVIS, WITH CONTRAST",72193,,,,,,,,,,,,,,Shodair_Childrens_Hospital
,MRI SCAN OF LEG JOINT,73721,,,,,,,,,,,,,,Shodair_Childrens_Hospital
,CT SCAN OF ABDOMEN AND PELVIS WITH CONTRAST,74177,,,,,,,,,,,,,,Shodair_Childrens_Hospital
,ULTRASOUND OF ABDOMEN,76700,,,,,,,,,,,,,,Shodair_Childrens_Hospital
,ABODOMINAL ULTRASOUND OF PREGNANT UTERUS (GREATER OR EQUAL TO 14 WEEKS 0 DAYS) SINGLE OR FIRST UTERUS,76805,,,,,,,,,,,,,,Shodair_Childrens_Hospital
,ULTRASOUND PELVIS THROUGH VAGINA,76830,,,,,,,,,,,,,,Shodair_Childrens_Hospital
,MAMMOGRAPHY OF ONE BREAST,77065,,,,,,,,,,,,,,Shodair_Childrens_Hospital
,MAMMOGRAPHY OF BOTH BREASTS,77066,,,,,,,,,,,,,,Shodair_Childrens_Hospital
,"MAMMOGRAPHY, SCREENING, BILATERAL",77067,,,,,,,,,,,,,,Shodair_Childrens_Hospital
,CARDIAC VALVE AND OTHER MAJOR CARDIOTHORACIC PROCEDURES WITH CARDIAC CATHERIZATION WITH MAJOR COMPLICATIONS OR COMORBIDITIES,216,,,,,,,,,,,,,,Shodair_Childrens_Hospital
,SPINAL FUSION EXCEPT CERVICAL WITHOUT MAJOR COMORBID CONDITIONS OR COMPLICATIONS (MCC),460,,,,,,,,,,,,,,Shodair_Childrens_Hospital
,MAJOR JOINT REPLACEMENT OR REATTACHMENT OF LOWER EXTREMITY WITHOUT MAJOR COMORBID CONDITIONS OR COMPLICATIONS (MCC).,470,,,,,,,,,,,,,,Shodair_Childrens_Hospital
,CERVICAL SPINAL FUSION WITHOUT COMORBID CONDITIONS (CC) OR MAJOR COMORBID CONDITIONS OR COMPLICATIONS (MCC).,473,,,,,,,,,,,,,,Shodair_Childrens_Hospital
,UTERINE AND ADNEXA PROCEDURES FOR NON-MALIGNANCY WITHOUT COMORBID CONDITIONS (CC) OR MAJOR COMORBID CONDITIONS OR COMPLICATIONS (MCC),743,,,,,,,,,,,,,,Shodair_Childrens_Hospital
,"REMOVAL OF 1 OR MORE BREAST GROWTH, OPEN PROCEDURE",19120,,,,,,,,,,,,,,Shodair_Childrens_Hospital
,SHAVING OF SHOULDER BONE USING AN ENDOSCOPE,29826,,,,,,,,,,,,,,Shodair_Childrens_Hospital
,REMOVAL OF ONE KNEE CARTILAGE USING AN ENDOSCOPE,29881,,,,,,,,,,,,,,Shodair_Childrens_Hospital
,REMOVAL OF TONSILS AND ADENOID GLANDS PATIENT YOUNGER THAN AGE 12,42820,,,,,,,,,,,,,,Shodair_Childrens_Hospital
,"DIAGNOSTIC EXAMINATION OF ESOPHAGUS, STOMACH, AND/OR UPPER SMALL BOWEL USING AN ENDOSCOPE",43235,,,,,,,,,,,,,,Shodair_Childrens_Hospital
,"BIOPSY OF THE ESOPHAGUS, STOMACH, AND/OR UPPER SMALL BOWEL USING AN ENDOSCOPE",43239,,,,,,,,,,,,,,Shodair_Childrens_Hospital
,DIAGNOSTIC EXAMINATION OF LARGE BOWEL USING AN ENDOSCOPE,45378,,,,,,,,,,,,,,Shodair_Childrens_Hospital
,BIOPSY OF LARGE BOWEL USING AN ENDOSCOPE,45380,,,,,,,,,,,,,,Shodair_Childrens_Hospital
,REMOVAL OF POLYPS OR GROWTHS OF LARGE BOWEL USING AN ENDOSCOPE,45385,,,,,,,,,,,,,,Shodair_Childrens_Hospital
,ULTRASOUND EXAMINATION OF LOWER LARGE BOWEL USING AN ENDOSCOPE,45391,,,,,,,,,,,,,,Shodair_Childrens_Hospital
,REMOVAL OF GALLBLADDER USING AN ENDOSCOPE,47562,,,,,,,,,,,,,,Shodair_Childrens_Hospital
,REPAIR OF GROIN HERNIA PATIENT AGE 5 YEARS OR OLDER,49505,,,,,,,,,,,,,,Shodair_Childrens_Hospital
,BIOPSY OF PROSTATE GLAND,55700,,,,,,,,,,,,,,Shodair_Childrens_Hospital
,SURGICAL REMOVAL OF PROSTATE AND SURROUNDING LYMPH NODES USING AN ENDOSCOPE,55866,,,,,,,,,,,,,,Shodair_Childrens_Hospital
,"ROUTINE OBSTETRIC CARE FOR VAGINAL DELIVERY, INCLUDING PRE-AND POSTDELIVERY CARE",59400,,,,,,,,,,,,,,Shodair_Childrens_Hospital
,"ROUTINE OBSTETRIC CARE FOR CESAREAN DELIVERY, INCLUDING PRE-AND POSTDELIVERY CARE",59510,,,,,,,,,,,,,,Shodair_Childrens_Hospital
,ROUTINE OBSTETRIC CARE FOR VAGINAL DELIVERY AFTER PRIOR CESAREAN DELIVERY INCLUDING PRE-AND POST-DELIVERY CARE,59610,,,,,,,,,,,,,,Shodair_Childrens_Hospital
,INJECTION OF SUBSTANCE INTO SPINAL CANAL OF LOWER BACK OR SACRUM USING IMAGING GUIDANCE,62322,,,,,,,,,,,,,,Shodair_Childrens_Hospital
,INJECTIONS OF ANESTHETIC AND/OR STEROID DRUG INTO LOWER OR SACRAL SPINE NERVE ROOT USING IMAGING GUIDANCE,64483,,,,,,,,,,,,,,Shodair_Childrens_Hospital
,REMOVAL OF RECURRING CATARACT IN LENS CAPSULE USING LASER,66821,,,,,,,,,,,,,,Shodair_Childrens_Hospital
,REMOVAL OF CATARACT WITH INSERTION OF LENS,66984,,,,,,,,,,,,,,Shodair_Childrens_Hospital
,"ELECTROCARDIOGRAM, ROUTINE, WITH INTERPRETATION AND REPORT",93000,,,,,,,,,,,,,,Shodair_Childrens_Hospital
,INSERTION OF CATHETER INTO LEFT HEART FOR DIAGNOSIS,93452,,,,,,,,,,,,,,Shodair_Childrens_Hospital
,SLEEP STUDY,95810,,,,,,,,,,,,,,Shodair_Childrens_Hospital
